Absecon , http://www.absecon-newjersey.org/
Aberdeen Township , http://www.aberdeennj.org/
Adelphia Fire Company , http://www.adelphiafire.com/index2.htm
Alexandria Township , http://www.alexandria-nj.us/
Allamuchy Township , http://www.allamuchynj.org/
Allendale , http://www.allendale.org/
Allenhurst , http://www.allenhurstnj.org/
Allentown , http://www.allentownnj.us/
Alloway Township , http://www.allowaytownship.com/
Alpha Borough , http://www.alphaboro.org/
Alpine Borough , http://www.alpinenj07620.org/
Andover Borough , http://www.sussex.nj.us/Cit-e-Access/webpage.cfm?TID=7&TPID=4540
Andover Township , http://www.andovertwp.org/
Asbury Park , http://www.cityofasburypark.com/
Atlantic City , http://www.cityofatlanticcity.org/index.htm
Atlantic County , http://www.aclink.org/
Atlantic Highlands , http://www.ahnj.com/
Audubon Borough , http://www.boroughofaudubon.com/
Audubon Park Borough , http://www.audubonparknj.org/
Avalon , http://www.avalonboro.org/
Avon , http://www.avonbytheseanj.com/
None , #top
Absecon , http://www.absecon-newjersey.org/
Aberdeen Township , http://www.aberdeennj.org/
Adelphia Fire Company , http://www.adelphiafire.com/index2.htm
Alexandria Township , http://www.alexandria-nj.us/
Allamuchy Township , http://www.allamuchynj.org/
Allendale , http://www.allendale.org/
Allenhurst , http://www.allenhurstnj.org/
Allentown , http://www.allentownnj.us/
Alloway Township , http://www.allowaytownship.com/
Alpha Borough , http://www.alphaboro.org/
Alpine Borough , http://www.alpinenj07620.org/
Andover Borough , http://www.sussex.nj.us/Cit-e-Access/webpage.cfm?TID=7&TPID=4540
Andover Township , http://www.andovertwp.org/
Asbury Park , http://www.cityofasburypark.com/
Atlantic City , http://www.cityofatlanticcity.org/index.htm
Atlantic County , http://www.aclink.org/
Atlantic Highlands , http://www.ahnj.com/
Audubon Borough , http://www.boroughofaudubon.com/
Audubon Park Borough , http://www.audubonparknj.org/
Avalon , http://www.avalonboro.org/
Avon , http://www.avonbytheseanj.com/
Barnegat Light , http://www.barnlight.com/
Barnegat Township , http://www.ci.barnegat.nj.us/
Barrington Borough , http://www.barringtonboro.com/
Bass River Township , http://bassriver-nj.org/index.php
Bay Head Borough , http://www.bayheadnj.org/
Bayonne , http://www.bayonnenj.org/default.shtml
Beach Haven Borough , http://www.beachhaven-nj.gov/
Beachwood Borough , http://www.beachwoodusa.com/
Bedminster , http://www.bedminster.us/
Bellmawr , http://www.bellmawr.com/
Belmar , http://www.belmar.com/
Belleville , http://bellevillenj.org/
Belvidere Town , http://www.belviderenj.com/
Bergen County , http://www.co.bergen.nj.us/
Bergen County Emergency Management , http://www.bcoem.org/
Bergen County Utilities Authority , http://www.bcua.org
Bergenfield , http://www.bergenfieldboro.com/
Berkeley Township , http://twp.berkeley.nj.us/
Berkeley Heights Police , http://www.bhpolice.org/
Berkeley Heights Township , http://www.berkeleyheightstwp.com/
Berlin , http://www.berlinnj.org/
Berlin Township , http://www.berlintwp.com/
Bernards Township , http://www.bernards.org/
Bernardsville , http://www.bernardsvilleboro.org/pages01/bd_libr.html
Bethlehem Township , http://www.bethlehem-twp.org/
Beverly City , http://www.thecityofbeverly.com/
Blackwood Fire Company , http://www.blackwoodfire.org/
Blairstown Township , http://www.blairstown-nj.org/
Bloomfield Township , http://www.bloomfieldtwpnj.com/
Bloomingdale Borough , http://www.bloomingdalenj.org/
Bloomsbury Borough , http://www.bloomsburynewjersey.com/
Bogota , http://www.bogota.nj.us/
Boonton , http://www.boonton.org/
Boonton Township , http://www.boontontownship.com/
Bordentown, City of , http://cityofbordentown.com/
Bordentown Township , http://www.bordentowntownship.com/
Bound Brook Borough , http://www.boundbrook-nj.org/
Bradley Beach , http://www.bradleybeachonline.com/
Branchburg , http://www.branchburg.nj.us/
Branchville Borough , http://www.sussex.nj.us/Cit-e-Access/webpage.cfm?TID=7&TPID=4533
Brick Township , http://www.twp.brick.nj.us/
Brick Township Police Department , http://www.brickpd.com/
Bridgeton , http://www.cityofbridgeton.com/
Bridgewater Township , http://www.bridgewaternj.gov/
Brielle Borough , http://www.briellenj.com/
Brielle Police Department , http://www.redbird.net/briellepolice/
Brigantine , http://www.brigantinebeachnj.com/
Brooklawn , http://www.brooklawn.us/
Budd Lake Volunteer Fire Department , http://www.buddlakefire.org/
Buena Borough , http://www.buenaboro.org/
Buena Vista Township , http://www.buenavistatownship.org/
Burlington City , http://www.burlingtonnj.us/
Burlington County , http://co.burlington.nj.us/
Burlington County Municipalities , http://www.co.burlington.nj.us/Pages/pages.aspx?cid=613
Burlington Township , http://www.twp.burlington.nj.us/
Butler Borough , http://www.butlerborough.com/
Byram Township , http://www.byramtwp.org/
None , #top
Barnegat Light , http://www.barnlight.com/
Barnegat Township , http://www.ci.barnegat.nj.us/
Barrington Borough , http://www.barringtonboro.com/
Bass River Township , http://bassriver-nj.org/index.php
Bay Head Borough , http://www.bayheadnj.org/
Bayonne , http://www.bayonnenj.org/default.shtml
Beach Haven Borough , http://www.beachhaven-nj.gov/
Beachwood Borough , http://www.beachwoodusa.com/
Bedminster , http://www.bedminster.us/
Bellmawr , http://www.bellmawr.com/
Belmar , http://www.belmar.com/
Belleville , http://bellevillenj.org/
Belvidere Town , http://www.belviderenj.com/
Bergen County , http://www.co.bergen.nj.us/
Bergen County Emergency Management , http://www.bcoem.org/
Bergen County Utilities Authority , http://www.bcua.org
Bergenfield , http://www.bergenfieldboro.com/
Berkeley Township , http://twp.berkeley.nj.us/
Berkeley Heights Police , http://www.bhpolice.org/
Berkeley Heights Township , http://www.berkeleyheightstwp.com/
Berlin , http://www.berlinnj.org/
Berlin Township , http://www.berlintwp.com/
Bernards Township , http://www.bernards.org/
Bernardsville , http://www.bernardsvilleboro.org/pages01/bd_libr.html
Bethlehem Township , http://www.bethlehem-twp.org/
Beverly City , http://www.thecityofbeverly.com/
Blackwood Fire Company , http://www.blackwoodfire.org/
Blairstown Township , http://www.blairstown-nj.org/
Bloomfield Township , http://www.bloomfieldtwpnj.com/
Bloomingdale Borough , http://www.bloomingdalenj.org/
Bloomsbury Borough , http://www.bloomsburynewjersey.com/
Bogota , http://www.bogota.nj.us/
Boonton , http://www.boonton.org/
Boonton Township , http://www.boontontownship.com/
Bordentown, City of , http://cityofbordentown.com/
Bordentown Township , http://www.bordentowntownship.com/
Bound Brook Borough , http://www.boundbrook-nj.org/
Bradley Beach , http://www.bradleybeachonline.com/
Branchburg , http://www.branchburg.nj.us/
Branchville Borough , http://www.sussex.nj.us/Cit-e-Access/webpage.cfm?TID=7&TPID=4533
Brick Township , http://www.twp.brick.nj.us/
Brick Township Police Department , http://www.brickpd.com/
Bridgeton , http://www.cityofbridgeton.com/
Bridgewater Township , http://www.bridgewaternj.gov/
Brielle Borough , http://www.briellenj.com/
Brielle Police Department , http://www.redbird.net/briellepolice/
Brigantine , http://www.brigantinebeachnj.com/
Brooklawn , http://www.brooklawn.us/
Budd Lake Volunteer Fire Department , http://www.buddlakefire.org/
Buena Borough , http://www.buenaboro.org/
Buena Vista Township , http://www.buenavistatownship.org/
Burlington City , http://www.burlingtonnj.us/
Burlington County , http://co.burlington.nj.us/
Burlington County Municipalities , http://www.co.burlington.nj.us/Pages/pages.aspx?cid=613
Burlington Township , http://www.twp.burlington.nj.us/
Butler Borough , http://www.butlerborough.com/
Byram Township , http://www.byramtwp.org/
Caldwell , http://www.caldwell-nj.com/
Camden , http://www.ci.camden.nj.us/
Camden County , http://www.co.camden.nj.us/
Cape May , http://www.capemaycity.org/
Cape May County , http://www.co.cape-may.nj.us/
Carlstadt , http://carlstadtnj.us/
Carneys Point Fire Department and Rescue Squad , http://www.carneyspointfire.org/
Carneys Point Township , http://www.carneyspointnj.gov/
Carteret , http://www.ci.carteret.nj.us/
Cedar Grove , http://www.cedargrovenj.org/
Chatham Borough , http://www.chathamborough.org/
Chatham Township , http://www.chathamtownship.org/
Cherry Hill , http://www.cherryhill-nj.com/
Chesilhurst Borough , http://chesilhurst.readyhosting.com/municipal.htm
Chester Borough , http://www.chesterborough.org/
Chester Township , http://www.chestertownship.org/
Chesterfield Township , http://www.chesterfieldtwp.com/
Cinnaminson Fire Department , http://www.cinnaminsonfire.org/
Cinnaminson Township , http://www.cinnaminsonnj.org/
Clark , http://www.ourclark.com/
Clayton Borough , http://www.claytonnj.com/
Clementon Borough , http://www.clementonborough.com/
Cliffside Park Borough , http://www.cliffsideparknj.gov/
Clifton , http://www.cliftonnj.org/
Clinton , http://www.clintonnj.gov/
Clinton Township , http://www.township.clinton.nj.us/
Closter Borough , http://www.closterboro.com/
Collingswood Borough , http://www.collingswood.com/
Colts Neck , http://www.colts-neck.nj.us/
Commercial Township , http://www.commercialtwp.com/
Corbin City , http://www.aclink.org/Admin/Main/Municipal.asp
Cranbury , http://www.cranburytownship.org/
Cranford , http://www.cranford.com/township/
Cranford Police Department , http://www.cranford.com/police/
Cresskill , http://www.cresskillboro.com/
Cumberland County , http://www.co.cumberland.nj.us/
Cumberland County 9-1-1 Communications Center , http://www.co.cumberland.nj.us/content/173/251/765/1910/default.aspx
None , #top
Caldwell , http://www.caldwell-nj.com/
Camden , http://www.ci.camden.nj.us/
Camden County , http://www.co.camden.nj.us/
Cape May , http://www.capemaycity.org/
Cape May County , http://www.co.cape-may.nj.us/
Carlstadt , http://carlstadtnj.us/
Carneys Point Fire Department and Rescue Squad , http://www.carneyspointfire.org/
Carneys Point Township , http://www.carneyspointnj.gov/
Carteret , http://www.ci.carteret.nj.us/
Cedar Grove , http://www.cedargrovenj.org/
Chatham Borough , http://www.chathamborough.org/
Chatham Township , http://www.chathamtownship.org/
Cherry Hill , http://www.cherryhill-nj.com/
Chesilhurst Borough , http://chesilhurst.readyhosting.com/municipal.htm
Chester Borough , http://www.chesterborough.org/
Chester Township , http://www.chestertownship.org/
Chesterfield Township , http://www.chesterfieldtwp.com/
Cinnaminson Fire Department , http://www.cinnaminsonfire.org/
Cinnaminson Township , http://www.cinnaminsonnj.org/
Clark , http://www.ourclark.com/
Clayton Borough , http://www.claytonnj.com/
Clementon Borough , http://www.clementonborough.com/
Cliffside Park Borough , http://www.cliffsideparknj.gov/
Clifton , http://www.cliftonnj.org/
Clinton , http://www.clintonnj.gov/
Clinton Township , http://www.township.clinton.nj.us/
Closter Borough , http://www.closterboro.com/
Collingswood Borough , http://www.collingswood.com/
Colts Neck , http://www.colts-neck.nj.us/
Commercial Township , http://www.commercialtwp.com/
Corbin City , http://www.aclink.org/Admin/Main/Municipal.asp
Cranbury , http://www.cranburytownship.org/
Cranford , http://www.cranford.com/township/
Cranford Police Department , http://www.cranford.com/police/
Cresskill , http://www.cresskillboro.com/
Cumberland County , http://www.co.cumberland.nj.us/
Cumberland County 9-1-1 Communications Center , http://www.co.cumberland.nj.us/content/173/251/765/1910/default.aspx
Deal , http://www.dealborough.com/
Deerfield Township , http://www.deerfieldtownship.org/
Delanco Township , http://www.delancotownship.com/
Delaware Township , http://www.delawaretwpnj.org/
Delran Township , http://www.delrantownship.org/
Demarest Borough , http://www.demarestnj.net/
Dennis Township , http://www.dennistwp.org/
Denville Township , http://www.denvillenj.org/
Deptford Township , http://www.deptford-nj.org/
Dover , http://www.dover.nj.us/
Downe Township , http://www.downetwpnj.org/
Dumont , http://www.dumontnj.gov/
Dunellen , http://www.dunellenborough.net/
None , #top
Deal , http://www.dealborough.com/
Deerfield Township , http://www.deerfieldtownship.org/
Delanco Township , http://www.delancotownship.com/
Delaware Township , http://www.delawaretwpnj.org/
Delran Township , http://www.delrantownship.org/
Demarest Borough , http://www.demarestnj.net/
Dennis Township , http://www.dennistwp.org/
Denville Township , http://www.denvillenj.org/
Deptford Township , http://www.deptford-nj.org/
Dover , http://www.dover.nj.us/
Downe Township , http://www.downetwpnj.org/
Dumont , http://www.dumontnj.gov/
Dunellen , http://www.dunellenborough.net/
East Amwell Township , http://www.eastamwelltownship.com/
East Brunswick , http://www.eastbrunswick.org/
East Brunswick Police Department , http://www.eastbrunswick.org/publicsafety/
East Greenwich Township , http://www.eastgreenwichnj.com/
East Hanover , http://www.easthanovertownship.com/
East Newark Borough , http://www.boroughofeastnewark.com/
East Orange , http://www.eastorange-nj.org/
East Rutherford Borough , http://www.eastrutherfordnj.net/
East Windsor , http://www.east-windsor.nj.us/
East Windsor Police Department , http://www.ewpd.com/
Eastampton , http://www.eastampton.com/
Eastampton Police Department , http://www.eastamptonpolicenj.us/
Eatontown , http://www.eatontownnj.com/
Edgewater , http://www.edgewaternj.org/
Edgewater Park Township , http://edgewaterpark-nj.com/
Edison , http://www.edisonnj.org/
Egg Harbor City , http://www.eggharborcity.org/
Egg Harbor Township , http://www.ehtgov.org/
Elizabeth , http://www.elizabethnj.org/
Elk Township , http://www.elktownshipnj.gov/
Elmer Borough , http://www.elmerboroughnj.com/
Elmwood Park , http://www.elmwoodparknj.us/
Emerson Borough , http://www.emersonnj.org/
Englewood , http://cityofenglewood.org/
Englewood Cliffs Borough , http://www.englewoodcliffsnj.org/
Englishtown , http://www.englishtownnj.com/default.htm
Essex County , http://www.essex-countynj.org/
Essex Fells Borough , http://essexfellsboro.com/
Estell Manor City , http://www.aclink.org/Admin/Main/Municipal.asp
Evesham Township , http://www.twp.evesham.nj.us/
Ewing Township , http://www.ewingtwp.net/
None , #top
East Amwell Township , http://www.eastamwelltownship.com/
East Brunswick , http://www.eastbrunswick.org/
East Brunswick Police Department , http://www.eastbrunswick.org/publicsafety/
East Greenwich Township , http://www.eastgreenwichnj.com/
East Hanover , http://www.easthanovertownship.com/
East Newark Borough , http://www.boroughofeastnewark.com/
East Orange , http://www.eastorange-nj.org/
East Rutherford Borough , http://www.eastrutherfordnj.net/
East Windsor , http://www.east-windsor.nj.us/
East Windsor Police Department , http://www.ewpd.com/
Eastampton , http://www.eastampton.com/
Eastampton Police Department , http://www.eastamptonpolicenj.us/
Eatontown , http://www.eatontownnj.com/
Edgewater , http://www.edgewaternj.org/
Edgewater Park Township , http://edgewaterpark-nj.com/
Edison , http://www.edisonnj.org/
Egg Harbor City , http://www.eggharborcity.org/
Egg Harbor Township , http://www.ehtgov.org/
Elizabeth , http://www.elizabethnj.org/
Elk Township , http://www.elktownshipnj.gov/
Elmer Borough , http://www.elmerboroughnj.com/
Elmwood Park , http://www.elmwoodparknj.us/
Emerson Borough , http://www.emersonnj.org/
Englewood , http://cityofenglewood.org/
Englewood Cliffs Borough , http://www.englewoodcliffsnj.org/
Englishtown , http://www.englishtownnj.com/default.htm
Essex County , http://www.essex-countynj.org/
Essex Fells Borough , http://essexfellsboro.com/
Estell Manor City , http://www.aclink.org/Admin/Main/Municipal.asp
Evesham Township , http://www.twp.evesham.nj.us/
Ewing Township , http://www.ewingtwp.net/
Fair Haven Borough , http://www.fairhavennj.org/
Fair Lawn , http://www.fairlawn.org/
Fairfield , http://www.fairfieldnj.org/
Fairfield Police Department , http://www.fairfieldnj.org/police/home.html
Fairfield Township , http://www.fairfieldtwp-nj.com/
Fanwood Borough , http://www.fanwoodnj.org/
Far Hills Borough , http://www.farhillspolice.org/
Finderne Fire Department , http://departments.firehouse.com/dept/Bridgewater2NJ
Flemington , http://www.historicflemington.com/
Florence , http://www.florence-nj.com/
Florham Park , http://www.florhamparkboro.net/
Folsom Borough , http://www.aclink.org/Admin/Main/Municipal.asp
Fort Lee , http://www.fortleenj.org/
Frankford Township , http://www.frankfordtownship.com/
Franklin Borough , http://www.franklinboro.com/
Franklin Lakes , http://www.franklinlakes.org/index.asp?
Franklin Township , http://www.franklintownship.com/
Franklin Township , http://www.co.hunterdon.nj.us/mun/franklin.htm
Franklin Township , http://www.franklintwpnj.org/
Franklin Township , http://www.franklintwpwarren.org/
Fredon Township , http://www.twp.fredon.nj.us/#menu
Freehold Borough , http://www.freeholdboro.org/
Freehold Borough Police Department , http://www.fbpd.net/
Freehold Township , http://www.twp.freehold.nj.us/
Frelinghuysen Township , http://www.frelinghuysen-nj.us/
Frenchtown , http://www.frenchtown.com/newsite/index.html
None , #top
Fair Haven Borough , http://www.fairhavennj.org/
Fair Lawn , http://www.fairlawn.org/
Fairfield , http://www.fairfieldnj.org/
Fairfield Police Department , http://www.fairfieldnj.org/police/home.html
Fairfield Township , http://www.fairfieldtwp-nj.com/
Fanwood Borough , http://www.fanwoodnj.org/
Far Hills Borough , http://www.farhillspolice.org/
Finderne Fire Department , http://departments.firehouse.com/dept/Bridgewater2NJ
Flemington , http://www.historicflemington.com/
Florence , http://www.florence-nj.com/
Florham Park , http://www.florhamparkboro.net/
Folsom Borough , http://www.aclink.org/Admin/Main/Municipal.asp
Fort Lee , http://www.fortleenj.org/
Frankford Township , http://www.frankfordtownship.com/
Franklin Borough , http://www.franklinboro.com/
Franklin Lakes , http://www.franklinlakes.org/index.asp?
Franklin Township , http://www.franklintownship.com/
Franklin Township , http://www.co.hunterdon.nj.us/mun/franklin.htm
Franklin Township , http://www.franklintwpnj.org/
Franklin Township , http://www.franklintwpwarren.org/
Fredon Township , http://www.twp.fredon.nj.us/#menu
Freehold Borough , http://www.freeholdboro.org/
Freehold Borough Police Department , http://www.fbpd.net/
Freehold Township , http://www.twp.freehold.nj.us/
Frelinghuysen Township , http://www.frelinghuysen-nj.us/
Frenchtown , http://www.frenchtown.com/newsite/index.html
Galloway Township , http://www.gallowaytwp-nj.gov/
Garfield , http://www.garfieldnj.org/
Garwood , http://garwood.org/
Gibbsboro , http://www.gibbsborotownhall.com/
Glassboro , http://www.glassboroonline.com/
Glen Gardner Borough , http://www.glengardnernj.org/
Glen Ridge Borough , http://glenridgenj.org/
Glen Rock , http://www.glenrocknj.net/
Gloucester , http://www.cityofgloucester.org/
Gloucester County , http://www.co.gloucester.nj.us/
Gloucester Township , http://www.glotwp.com/
Green Brook Township , http://www.greenbrooktwp.org/
Green Township , http://www.greentwp.com/
Greenwich Township , http://www.historicgreenwichnj.org
Greenwich Township , http://www.greenwichtwp.com/
Greenwich Township , http://www.greenwichtownship.com/
Guttenberg Town , http://www.guttenbergnj.org/
None , #top
Galloway Township , http://www.gallowaytwp-nj.gov/
Garfield , http://www.garfieldnj.org/
Garwood , http://garwood.org/
Gibbsboro , http://www.gibbsborotownhall.com/
Glassboro , http://www.glassboroonline.com/
Glen Gardner Borough , http://www.glengardnernj.org/
Glen Ridge Borough , http://glenridgenj.org/
Glen Rock , http://www.glenrocknj.net/
Gloucester , http://www.cityofgloucester.org/
Gloucester County , http://www.co.gloucester.nj.us/
Gloucester Township , http://www.glotwp.com/
Green Brook Township , http://www.greenbrooktwp.org/
Green Township , http://www.greentwp.com/
Greenwich Township , http://www.historicgreenwichnj.org
Greenwich Township , http://www.greenwichtwp.com/
Greenwich Township , http://www.greenwichtownship.com/
Guttenberg Town , http://www.guttenbergnj.org/
Hackensack , http://www.hackensack.org/
Hackettstown , http://www.hackettstown.net/
Haddonfield , http://www.haddonfieldnj.org/
Haddon Heights Borough , http://www.haddonhts.com/
Haddon Township , http://www.haddontwp.com/
Hainesport , http://www.hainesporttownship.com/
Haledon Borough , http://www.haledonboronj.com/
Hamilton , http://www.hamiltonnj.com/
Hamilton Township , http://www.townshipofhamilton.com/
Hammonton , http://www.townofhammonton.org/
Hampton Borough , http://www.hamptonboro.com/
Hampton Township , http://www.sussex.nj.us/Cit-e-Access/webpage.cfm?TID=7&TPID=1101
Hanover Township , http://www.hanovertownship.com/
Harding Township , http://www.hardingnj.org/
Hardwick Township , http://www.hardwick-nj.us/
Hardyston Township , http://www.hardyston.com/
Harmony Township , http://www.harmonytwp-nj.gov/
Harrington Park , http://www.hpboro.net/
Harrison Town , http://www.townofharrison.com/
Harrison Township , http://www.harrisontwp.us/
Harvey Cedars , http://www.harveycedars.org/
Hasbrouck Heights , http://www.hasbrouck-heights.nj.us/
Hawthorne Borough , http://www.hawthornenj.org/
Haworth Borough , http://www.haworthnj.org/
Hazlet , http://www.hazlettwp.org/
High Bridge , http://www.highbridge.org/
Highlands , http://www.highlandsnj.com/
Highland Park , http://www.hpboro.com/
Hightstown Borough , http://www.hightstownborough.com/
Hillsborough , http://www.hillsborough-nj.org/
Hillsdale , http://www.hillsdalenj.org/
Hillside Township , http://www.townshipofhillside.org/
Hi-nella , http://www.co.camden.nj.us/government/municip.html
Hoboken , http://www.hobokennj.org/
Ho-Ho-Kus , http://www.ho-ho-kusboro.com/
Holland Township , http://www.hollandtownship.org/
Holmdel , http://www.holmdeltownship-nj.com/
Hopatcong , http://www.hopatcong.org/
Hope Township , http://www.hopetownship.com/
Hopewell Borough , http://www.hopewellboro-nj.us/
Hopewell Township , http://www.hopewelltwp-nj.com/
Hopewell Township , http://www.hopewelltwp.org/
Howell , http://www.twp.howell.nj.us/
Hudson County , http://www.hudsoncountynj.org/
Hunterdon County , http://www.co.hunterdon.nj.us/
None , #top
Hackensack , http://www.hackensack.org/
Hackettstown , http://www.hackettstown.net/
Haddonfield , http://www.haddonfieldnj.org/
Haddon Heights Borough , http://www.haddonhts.com/
Haddon Township , http://www.haddontwp.com/
Hainesport , http://www.hainesporttownship.com/
Haledon Borough , http://www.haledonboronj.com/
Hamilton , http://www.hamiltonnj.com/
Hamilton Township , http://www.townshipofhamilton.com/
Hammonton , http://www.townofhammonton.org/
Hampton Borough , http://www.hamptonboro.com/
Hampton Township , http://www.sussex.nj.us/Cit-e-Access/webpage.cfm?TID=7&TPID=1101
Hanover Township , http://www.hanovertownship.com/
Harding Township , http://www.hardingnj.org/
Hardwick Township , http://www.hardwick-nj.us/
Hardyston Township , http://www.hardyston.com/
Harmony Township , http://www.harmonytwp-nj.gov/
Harrington Park , http://www.hpboro.net/
Harrison Town , http://www.townofharrison.com/
Harrison Township , http://www.harrisontwp.us/
Harvey Cedars , http://www.harveycedars.org/
Hasbrouck Heights , http://www.hasbrouck-heights.nj.us/
Hawthorne Borough , http://www.hawthornenj.org/
Haworth Borough , http://www.haworthnj.org/
Hazlet , http://www.hazlettwp.org/
High Bridge , http://www.highbridge.org/
Highlands , http://www.highlandsnj.com/
Highland Park , http://www.hpboro.com/
Hightstown Borough , http://www.hightstownborough.com/
Hillsborough , http://www.hillsborough-nj.org/
Hillsdale , http://www.hillsdalenj.org/
Hillside Township , http://www.townshipofhillside.org/
Hi-nella , http://www.co.camden.nj.us/government/municip.html
Hoboken , http://www.hobokennj.org/
Ho-Ho-Kus , http://www.ho-ho-kusboro.com/
Holland Township , http://www.hollandtownship.org/
Holmdel , http://www.holmdeltownship-nj.com/
Hopatcong , http://www.hopatcong.org/
Hope Township , http://www.hopetownship.com/
Hopewell Borough , http://www.hopewellboro-nj.us/
Hopewell Township , http://www.hopewelltwp-nj.com/
Hopewell Township , http://www.hopewelltwp.org/
Howell , http://www.twp.howell.nj.us/
Hudson County , http://www.hudsoncountynj.org/
Hunterdon County , http://www.co.hunterdon.nj.us/
Independence Township , http://www.independencenj.com/
Interlaken , http://www.interlakenboro.com/
Irvington Township , http://www.irvington.net/
Island Heights , http://www.islandheightsboro.com/
None , #top
Independence Township , http://www.independencenj.com/
Interlaken , http://www.interlakenboro.com/
Irvington Township , http://www.irvington.net/
Island Heights , http://www.islandheightsboro.com/
Jackson Township , http://www.jacksontwpnj.net/
Jacksonville Fire Company , http://www.jacksonvillefirecompany212.org
Jamesburg , http://www.jamesburgborough.org/
Jefferson Township , http://www.jeffersontownship.net/
Jersey City , http://www.cityofjerseycity.com/
None , #top
Jackson Township , http://www.jacksontwpnj.net/
Jacksonville Fire Company , http://www.jacksonvillefirecompany212.org
Jamesburg , http://www.jamesburgborough.org/
Jefferson Township , http://www.jeffersontownship.net/
Jersey City , http://www.cityofjerseycity.com/
Keansburg , http://www.keansburgboro.com/
Kearny , http://www.kearnyusa.com/
Kenilworth , http://www.kenilworthnj.com/index.asp
Keyport Borough , http://www.keyportonline.com/
Kingwood Township , http://www.co.hunterdon.nj.us/mun/kingwood.htm
Kinnelon , http://www.kinnelonboro.org/
Knowlton Township , http://knowlton-nj.com/
None , #top
Keansburg , http://www.keansburgboro.com/
Kearny , http://www.kearnyusa.com/
Kenilworth , http://www.kenilworthnj.com/index.asp
Keyport Borough , http://www.keyportonline.com/
Kingwood Township , http://www.co.hunterdon.nj.us/mun/kingwood.htm
Kinnelon , http://www.kinnelonboro.org/
Knowlton Township , http://knowlton-nj.com/
Lacey Township , http://www.laceytownship.org/
Lafayette Township , http://www.sussex.nj.us/Cit-e-Access/webpage.cfm?TID=7&TPID=1104
Lake Como , http://lakecomonj.org/
Lakehurst , http://www.lakehurstnj.org/
Lakewood Township , http://twp.lakewood.nj.us/
Lambertville , http://www.lambertvillenj.org/
Laurel Springs , http://www.laurelsprings-nj.com/
Laurel Springs Fire Department , http://www.station60.com/!live/news.php
Lavallette Borough , http://www.lavallette.org/
Lawnside , http://www.lawnside.net/
Lawrence Township , http://www.co.cumberland.nj.us/content/173/211/1983.aspx
Lawrence Township , http://www.lawrencetwp.com/
Lebanon Borough , http://www.co.hunterdon.nj.us/mun/lebnboro.htm
Lebanon Township , http://www.lebanontownship.net/
Leonia Borough , http://www.leonianj.gov/
Liberty Township , http://www.libertytownship.org/
Lincoln Park , http://www.lincolnpark.org/
Linden , http://www.linden-nj.org/
Lindenwold , http://www.lindenwoldnj.gov/
Lindenwold Fire Department , http://www.lindenwoldfire.com/
Linwood City , http://www.linwoodcity.org/
Little Egg Harbor Township , http://www.leht.com/
Little Falls , http://www.lfnj.com/
Little Ferry Borough , http://www.littleferrynj.org/
Little Silver Borough , http://www.littlesilver.org/ls
Livingston , http://www.livingstonnj.org/
Loch Arbor Borough , http://www.locharbournj.us/
Lodi Borough , http://www.lodi-nj.org/
Logan Township , http://www.logan-twp.org
Long Beach Township , http://longbeachtownship.com/
Long Beach Township Police Department , http://www.lbtpd.org/
Long Branch , http://www.longbranch.org/
Long Hill Township , http://www.longhillnj.org/
Longport , http://www.longport-nj.us/
Lopatcong Township , http://www.lopatcongtwp.com/
Lower Alloways Creek Township , http://www.lowerallowayscreek-nj.gov/
Lower Township , http://www.townshipoflower.org/
Lumberton , http://www.lumbertontwp.com/
Lyndhurst , http://www.lyndhurstnj.org/
None , #top
Lacey Township , http://www.laceytownship.org/
Lafayette Township , http://www.sussex.nj.us/Cit-e-Access/webpage.cfm?TID=7&TPID=1104
Lake Como , http://lakecomonj.org/
Lakehurst , http://www.lakehurstnj.org/
Lakewood Township , http://twp.lakewood.nj.us/
Lambertville , http://www.lambertvillenj.org/
Laurel Springs , http://www.laurelsprings-nj.com/
Laurel Springs Fire Department , http://www.station60.com/!live/news.php
Lavallette Borough , http://www.lavallette.org/
Lawnside , http://www.lawnside.net/
Lawrence Township , http://www.co.cumberland.nj.us/content/173/211/1983.aspx
Lawrence Township , http://www.lawrencetwp.com/
Lebanon Borough , http://www.co.hunterdon.nj.us/mun/lebnboro.htm
Lebanon Township , http://www.lebanontownship.net/
Leonia Borough , http://www.leonianj.gov/
Liberty Township , http://www.libertytownship.org/
Lincoln Park , http://www.lincolnpark.org/
Linden , http://www.linden-nj.org/
Lindenwold , http://www.lindenwoldnj.gov/
Lindenwold Fire Department , http://www.lindenwoldfire.com/
Linwood City , http://www.linwoodcity.org/
Little Egg Harbor Township , http://www.leht.com/
Little Falls , http://www.lfnj.com/
Little Ferry Borough , http://www.littleferrynj.org/
Little Silver Borough , http://www.littlesilver.org/ls
Livingston , http://www.livingstonnj.org/
Loch Arbor Borough , http://www.locharbournj.us/
Lodi Borough , http://www.lodi-nj.org/
Logan Township , http://www.logan-twp.org
Long Beach Township , http://longbeachtownship.com/
Long Beach Township Police Department , http://www.lbtpd.org/
Long Branch , http://www.longbranch.org/
Long Hill Township , http://www.longhillnj.org/
Longport , http://www.longport-nj.us/
Lopatcong Township , http://www.lopatcongtwp.com/
Lower Alloways Creek Township , http://www.lowerallowayscreek-nj.gov/
Lower Township , http://www.townshipoflower.org/
Lumberton , http://www.lumbertontwp.com/
Lyndhurst , http://www.lyndhurstnj.org/
Madison , http://www.rosenet.org/madisongov/
Magnolia , http://www.magnolia-nj.org/
Mahwah , http://www.mahwahtwp.org/
Manalapan , http://www.twp.manalapan.nj.us/
Manasquan , http://www.manasquan-nj.com/
Mannington Township , http://www.manningtontwp.com/
Mansfield Township , http://www.mansfieldtwp-nj.com/
Mansfield Township , http://www.mansfieldtownship-nj.gov/
Mantoloking Borough , http://www.mantoloking.org/
Mantua Township , http://www.mantuatownship.com/
Manville Borough , http://www.manvillenj.org/
Maple Shade Township , http://www.mapleshade.com/
Maplewood , http://www.twp.maplewood.nj.us/
Margate , http://www.margate-nj.com/index.cfm
Marlboro Township , http://www.marlboro-nj.gov/
Matawan , http://64.106.243.185/matawan
Maywood , http://www.maywoodboro.org/
Maurice River Township , http://www.mauricerivertwp.org/
Medford , http://www.medfordtownship.com/
Medford Lakes , http://www.medfordlakes.com/
Medford Lakes Fire Department , http://www.mlfd371.org/
Mendham Borough , http://mendhamnj.org
Mendham Township , http://www.mendhamtownship.org/
Mercer County , http://www.mercercounty.org/
Merchantville , http://www.merchantvillenj.gov/
Metuchen , http://www.metuchennj.org/
Middlesex Borough , http://www.middlesexboro.com/
Middlesex County , http://www.co.middlesex.nj.us/
Middle Township , http://www.middletownship.com/
Middletown Township , http://www.middletownnj.org/
Middletown Township EMS , http://www.middletownems.org/
Midland Park , http://mpnj.com/
Milford Borough , http://www.milfordnj.org/
Millburn , http://twp.millburn.nj.us/
Millburn Township , http://www.twp.millburn.nj.us/
Millstone Borough , http://www.millstoneboro.org/
Millstone Township , http://www.millstone.nj.us/
Milltown , http://www.milltownnj.org/
Millville , http://www.state.nj.us/counties/cumberland/0610/
Mine Hill , http://www.minehill.com/
Monmouth Beach Borough , http://www.monmouthbeach.us/
Monmouth County , http://www.visitmonmouth.com/
Monroe Township , http://www.monroetownshipnj.org/
Monroe Township , http://www.monroetwp.com/
Monroe Township Municipal Utilities Authority , http://www.mtmua.com/
Montague , http://www.montaguenj.org/
Montclair , http://www.montclairnjusa.org/
Montgomery Township , http://www.montgomery.nj.us/
Montvale , http://www.montvale.org/
Montville Township , http://www.montvillenj.org/
Moonachie Borough , http://www.moonachie.us/
Moonachie Police Department , http://www.moonachiepd.org/
Moorestown , http://www.moorestown.nj.us/
Morris County , http://www.co.morris.nj.us/
Morris County, Municipal Clerks' Association , http://www.rosenet.org/mcamc/
Morris County Park Police , http://www.morrisparkpolice.org/
Morris County Sheriff's Office , http://www.mcsheriff.org/
Morris County Municipal Utilities Authority , http://www.mcmua.com/
Morris Plains Borough , http://www.morrisplainsboro.org/
Morris Township , http://www.morristwp.com/
Morristown , http://www.townofmorristown.org/
Mount Arlington , http://www.ci.mount-arlington.nj.us/
Mount Ephraim Borough , http://www.mountephraim-nj.com/
Mount Holly , http://www.mountholly.info/
Mount Laurel , http://www.mountlaurel.com/
Mount Laurel Township Municipal Utilities Authority , http://www.mltmua.com/
Mount Olive Township , http://www.mtolivetwp.org/
Mountain Lakes , http://www.mtnlakes.org/
Mountainside , http://www.mountainside-nj.com/
Mullica Township , http://www.mullicatownship.org/
None , #top
Madison , http://www.rosenet.org/madisongov/
Magnolia , http://www.magnolia-nj.org/
Mahwah , http://www.mahwahtwp.org/
Manalapan , http://www.twp.manalapan.nj.us/
Manasquan , http://www.manasquan-nj.com/
Mannington Township , http://www.manningtontwp.com/
Mansfield Township , http://www.mansfieldtwp-nj.com/
Mansfield Township , http://www.mansfieldtownship-nj.gov/
Mantoloking Borough , http://www.mantoloking.org/
Mantua Township , http://www.mantuatownship.com/
Manville Borough , http://www.manvillenj.org/
Maple Shade Township , http://www.mapleshade.com/
Maplewood , http://www.twp.maplewood.nj.us/
Margate , http://www.margate-nj.com/index.cfm
Marlboro Township , http://www.marlboro-nj.gov/
Matawan , http://64.106.243.185/matawan
Maywood , http://www.maywoodboro.org/
Maurice River Township , http://www.mauricerivertwp.org/
Medford , http://www.medfordtownship.com/
Medford Lakes , http://www.medfordlakes.com/
Medford Lakes Fire Department , http://www.mlfd371.org/
Mendham Borough , http://mendhamnj.org
Mendham Township , http://www.mendhamtownship.org/
Mercer County , http://www.mercercounty.org/
Merchantville , http://www.merchantvillenj.gov/
Metuchen , http://www.metuchennj.org/
Middlesex Borough , http://www.middlesexboro.com/
Middlesex County , http://www.co.middlesex.nj.us/
Middle Township , http://www.middletownship.com/
Middletown Township , http://www.middletownnj.org/
Middletown Township EMS , http://www.middletownems.org/
Midland Park , http://mpnj.com/
Milford Borough , http://www.milfordnj.org/
Millburn , http://twp.millburn.nj.us/
Millburn Township , http://www.twp.millburn.nj.us/
Millstone Borough , http://www.millstoneboro.org/
Millstone Township , http://www.millstone.nj.us/
Milltown , http://www.milltownnj.org/
Millville , http://www.state.nj.us/counties/cumberland/0610/
Mine Hill , http://www.minehill.com/
Monmouth Beach Borough , http://www.monmouthbeach.us/
Monmouth County , http://www.visitmonmouth.com/
Monroe Township , http://www.monroetownshipnj.org/
Monroe Township , http://www.monroetwp.com/
Monroe Township Municipal Utilities Authority , http://www.mtmua.com/
Montague , http://www.montaguenj.org/
Montclair , http://www.montclairnjusa.org/
Montgomery Township , http://www.montgomery.nj.us/
Montvale , http://www.montvale.org/
Montville Township , http://www.montvillenj.org/
Moonachie Borough , http://www.moonachie.us/
Moonachie Police Department , http://www.moonachiepd.org/
Moorestown , http://www.moorestown.nj.us/
Morris County , http://www.co.morris.nj.us/
Morris County, Municipal Clerks' Association , http://www.rosenet.org/mcamc/
Morris County Park Police , http://www.morrisparkpolice.org/
Morris County Sheriff's Office , http://www.mcsheriff.org/
Morris County Municipal Utilities Authority , http://www.mcmua.com/
Morris Plains Borough , http://www.morrisplainsboro.org/
Morris Township , http://www.morristwp.com/
Morristown , http://www.townofmorristown.org/
Mount Arlington , http://www.ci.mount-arlington.nj.us/
Mount Ephraim Borough , http://www.mountephraim-nj.com/
Mount Holly , http://www.mountholly.info/
Mount Laurel , http://www.mountlaurel.com/
Mount Laurel Township Municipal Utilities Authority , http://www.mltmua.com/
Mount Olive Township , http://www.mtolivetwp.org/
Mountain Lakes , http://www.mtnlakes.org/
Mountainside , http://www.mountainside-nj.com/
Mullica Township , http://www.mullicatownship.org/
National Park Borough , http://www.nationalparknj.com/index.htm
Neptune City , http://www.neptunecitynj.com/
Neptune Township , http://www.neptunetownship.org/
Netcong , http://www.netcong.org/
Newark , http://www.ci.newark.nj.us./
New Brunswick , http://www.cityofnewbrunswick.org/
New Milford Borough , http://www.newmilfordboro.com/
New Milford Police Department , http://www.newmilfordnjpd.org/
New Providence , http://www.newprov.org/
Newfield Borough , http://www.newfieldboro.org/
Newton , http://www.newtontownhall.com/
North Arlington Borough , http://www.northarlington.org/
North Bergen , http://www.northbergen.org/
North Branch Volunteer Fire Company , http://www.nbvfc.org/
North Brunswick Township , http://www.northbrunswicknj.gov/
North Caldwell Borough , http://www.northcaldwell.org/home/
North Haledon , http://www.northhaledon.com/
North Hanover Township , http://www.northhanover.us/
North Plainfield Borough , http://www.northplainfield.org/
North Wildwood , http://www.northwildwood.com/
Northfield , http://www.cityofnorthfield.org/
Northvale Borough , http://www.boroughofnorthvale.com/
Norwood Borough , http://www.norwoodboro.org/
Nutley , http://www.nutleynj.org/
None , #top
National Park Borough , http://www.nationalparknj.com/index.htm
Neptune City , http://www.neptunecitynj.com/
Neptune Township , http://www.neptunetownship.org/
Netcong , http://www.netcong.org/
Newark , http://www.ci.newark.nj.us./
New Brunswick , http://www.cityofnewbrunswick.org/
New Milford Borough , http://www.newmilfordboro.com/
New Milford Police Department , http://www.newmilfordnjpd.org/
New Providence , http://www.newprov.org/
Newfield Borough , http://www.newfieldboro.org/
Newton , http://www.newtontownhall.com/
North Arlington Borough , http://www.northarlington.org/
North Bergen , http://www.northbergen.org/
North Branch Volunteer Fire Company , http://www.nbvfc.org/
North Brunswick Township , http://www.northbrunswicknj.gov/
North Caldwell Borough , http://www.northcaldwell.org/home/
North Haledon , http://www.northhaledon.com/
North Hanover Township , http://www.northhanover.us/
North Plainfield Borough , http://www.northplainfield.org/
North Wildwood , http://www.northwildwood.com/
Northfield , http://www.cityofnorthfield.org/
Northvale Borough , http://www.boroughofnorthvale.com/
Norwood Borough , http://www.norwoodboro.org/
Nutley , http://www.nutleynj.org/
Oakland , http://www.oakland-nj.org/
Oaklyn , http://www.oaklyn-nj.com/index.html
Ocean City , http://www.ocnj.us/
Ocean County , http://www.co.ocean.nj.us/
Ocean County Clerk , http://www.oceancountyclerk.com/
Ocean Township , http://www.oceantwp.org/
Ocean Township , http://www.townshipofocean.org/
Ocean Township Police , http://www.oceantwp.org/police/
Oceanport Borough , http://www.oceanportboro.com/
Ogdensburg Borough , http://www.ogdensburgnj.org/
Old Bridge Township , http://www.oldbridge.com/
Oldmans Township , http://www.oldmanstownship.com/
Old Tappan , http://oldtappan.net/
Oradell , http://www.oradell.org/
Orange Township , http://www.ci.orange.nj.us/
Oxford Township , http://www.oxfordnj.org/
None , #top
Oakland , http://www.oakland-nj.org/
Oaklyn , http://www.oaklyn-nj.com/index.html
Ocean City , http://www.ocnj.us/
Ocean County , http://www.co.ocean.nj.us/
Ocean County Clerk , http://www.oceancountyclerk.com/
Ocean Township , http://www.oceantwp.org/
Ocean Township , http://www.townshipofocean.org/
Ocean Township Police , http://www.oceantwp.org/police/
Oceanport Borough , http://www.oceanportboro.com/
Ogdensburg Borough , http://www.ogdensburgnj.org/
Old Bridge Township , http://www.oldbridge.com/
Oldmans Township , http://www.oldmanstownship.com/
Old Tappan , http://oldtappan.net/
Oradell , http://www.oradell.org/
Orange Township , http://www.ci.orange.nj.us/
Oxford Township , http://www.oxfordnj.org/
Palmyra Borough , http://www.boroughofpalmyra.com/
Park Ridge , http://www.parkridgeboro.com/
Paramus , http://www.paramusborough.org/
Parsippany , http://www.parsippany.net/
Passaic , http://www.cityofpassaic.com/
Passaic County , http://www.passaiccountynj.org/
Passaic County Office of Natural Resource Programs , http://www.pcnjnaturalresources.com/
Passaic Valley Sewerage Commissioners , http://www.pvsc.com/
Paterson , http://www.patersonnj.gov/
Paulsboro , http://www.paulsboronj.org/
Peapack-Gladstone Borough , http://www.peapack-gladstone-nj.gov/
Pemberton Borough , http://www.pembertonborough.us/
Pemberton Township , http://www.pemberton-twp.com/
Pemberton Township Police Department , http://www.pembertonpolice.com/
Pennington Borough , http://www.penningtonboro.org/
Pennsauken Township , http://www.twp.pennsauken.nj.us/
Penns Grove Borough , http://www.salemcountynj.gov/cmssite/default.asp?contentID=1146
Pennsville , http://www.pennsville.org/
Pequannock , http://www.peqtwp.org/
Perth Amboy , http://www.ci.perthamboy.nj.us/
Phillipsburg , http://www.phillipsburgnj.org/
Pilesgrove Township , http://www.pilesgrovenj.org/
Pine Beach Borough , http://www.pinebeachborough.us/pinebeach.htm
Pine Hill Borough , http://www.pinehillboronj.com/default.htm
Pine Hill Fire Department , http://www.pinehillboronj.com/Fire/fmain.htm
Pine Valley Borough , http://www.co.camden.nj.us/government/municip.html
Piscataway Township , http://www.piscatawaynj.org/
Pitman , http://www.pitman.org/
Pittsgrove , http://www.pittsgrovetownship.com/
Plainfield , http://www.plainfield.com/
Plainsboro , http://www.plainsboronj.com/
Pleasantville , http://www.pleasantville-nj.org/
Plumsted Township , http://www.plumsted.org/
Pohatcong , http://www.pohatcong.com/
Point Pleasant Borough , http://www.ptboro.com/
Point Pleasant Beach , http://www.pointpleasantbeach.org/
Pompton Lakes , http://www.pomptonlakesgov.com/
Port Republic Borough , http://www.aclink.org/Admin/Main/Municipal.asp
Princeton , http://www.princetonboro.org/
Princeton Township , http://www.princetontwp.org/
Prospect Park Borough , http://www.prospectpark.net/
None , #top
Palmyra Borough , http://www.boroughofpalmyra.com/
Park Ridge , http://www.parkridgeboro.com/
Paramus , http://www.paramusborough.org/
Parsippany , http://www.parsippany.net/
Passaic , http://www.cityofpassaic.com/
Passaic County , http://www.passaiccountynj.org/
Passaic County Office of Natural Resource Programs , http://www.pcnjnaturalresources.com/
Passaic Valley Sewerage Commissioners , http://www.pvsc.com/
Paterson , http://www.patersonnj.gov/
Paulsboro , http://www.paulsboronj.org/
Peapack-Gladstone Borough , http://www.peapack-gladstone-nj.gov/
Pemberton Borough , http://www.pembertonborough.us/
Pemberton Township , http://www.pemberton-twp.com/
Pemberton Township Police Department , http://www.pembertonpolice.com/
Pennington Borough , http://www.penningtonboro.org/
Pennsauken Township , http://www.twp.pennsauken.nj.us/
Penns Grove Borough , http://www.salemcountynj.gov/cmssite/default.asp?contentID=1146
Pennsville , http://www.pennsville.org/
Pequannock , http://www.peqtwp.org/
Perth Amboy , http://www.ci.perthamboy.nj.us/
Phillipsburg , http://www.phillipsburgnj.org/
Pilesgrove Township , http://www.pilesgrovenj.org/
Pine Beach Borough , http://www.pinebeachborough.us/pinebeach.htm
Pine Hill Borough , http://www.pinehillboronj.com/default.htm
Pine Hill Fire Department , http://www.pinehillboronj.com/Fire/fmain.htm
Pine Valley Borough , http://www.co.camden.nj.us/government/municip.html
Piscataway Township , http://www.piscatawaynj.org/
Pitman , http://www.pitman.org/
Pittsgrove , http://www.pittsgrovetownship.com/
Plainfield , http://www.plainfield.com/
Plainsboro , http://www.plainsboronj.com/
Pleasantville , http://www.pleasantville-nj.org/
Plumsted Township , http://www.plumsted.org/
Pohatcong , http://www.pohatcong.com/
Point Pleasant Borough , http://www.ptboro.com/
Point Pleasant Beach , http://www.pointpleasantbeach.org/
Pompton Lakes , http://www.pomptonlakesgov.com/
Port Republic Borough , http://www.aclink.org/Admin/Main/Municipal.asp
Princeton , http://www.princetonboro.org/
Princeton Township , http://www.princetontwp.org/
Prospect Park Borough , http://www.prospectpark.net/
Rahway , http://www.cityofrahway.com/
Ramsey , http://www.ramseynj.com/
Randolph , http://www.gti.net/randolph/
Raritan Borough , http://www.raritanboro.org/
Raritan Township , http://www.raritan-township.com/
Readington Township , http://www.readingtontwp.org/
Red Bank , http://www.redbanknj.org/
Ridgefield Borough , http://ridgefieldboro.org/
Ridgefield Park , http://www.ridgefieldpark.org/
Ridgewood , http://www.ridgewoodnj.net/
Ringwood , http://www.ringwoodnj.net/
River Edge Borough , http://www.riveredgenj.org/
Riverdale Borough , http://www.riverdalenj.gov/
Riverside Township , http://www.riversidetwp.org/
Riverton , http://www.riverton-nj.com/
River Vale Township , http://www.rivervalenj.org/
Robbinsville Township , http://www.robbinsville-twp.org/
Robbinsville Township Fire Department , http://www.wtfd.org/
Rochelle Park Township , http://www.rochelleparknj.gov/
Rockaway Borough , http://www.rockawayborough.com/
Rockaway Township , http://www.rockawaytownship.org/
Rockleigh Borough , http://www.rockleighnj.org/
Rocky Hill , http://www.rockyhill-nj.gov/
Roseland , http://www.roselandnj.org/
Roselle Borough , http://www.boroughofroselle.com/
Roselle Office of Emergency Management , http://www.roselleoem.org/
Roselle Park Borough , http://www.rosellepark.net/
Roxbury Township , http://www.roxburynj.us/
Rumson , http://www.rumsonnj.gov/
Runnemede Borough , http://www.runnemedenj.org/
Rutherford , http://www.rutherford-nj.com/
Rutherford First Aid-Ambulance Corps , http://www.rutherfordems.org/
None , #top
Rahway , http://www.cityofrahway.com/
Ramsey , http://www.ramseynj.com/
Randolph , http://www.gti.net/randolph/
Raritan Borough , http://www.raritanboro.org/
Raritan Township , http://www.raritan-township.com/
Readington Township , http://www.readingtontwp.org/
Red Bank , http://www.redbanknj.org/
Ridgefield Borough , http://ridgefieldboro.org/
Ridgefield Park , http://www.ridgefieldpark.org/
Ridgewood , http://www.ridgewoodnj.net/
Ringwood , http://www.ringwoodnj.net/
River Edge Borough , http://www.riveredgenj.org/
Riverdale Borough , http://www.riverdalenj.gov/
Riverside Township , http://www.riversidetwp.org/
Riverton , http://www.riverton-nj.com/
River Vale Township , http://www.rivervalenj.org/
Robbinsville Township , http://www.robbinsville-twp.org/
Robbinsville Township Fire Department , http://www.wtfd.org/
Rochelle Park Township , http://www.rochelleparknj.gov/
Rockaway Borough , http://www.rockawayborough.com/
Rockaway Township , http://www.rockawaytownship.org/
Rockleigh Borough , http://www.rockleighnj.org/
Rocky Hill , http://www.rockyhill-nj.gov/
Roseland , http://www.roselandnj.org/
Roselle Borough , http://www.boroughofroselle.com/
Roselle Office of Emergency Management , http://www.roselleoem.org/
Roselle Park Borough , http://www.rosellepark.net/
Roxbury Township , http://www.roxburynj.us/
Rumson , http://www.rumsonnj.gov/
Runnemede Borough , http://www.runnemedenj.org/
Rutherford , http://www.rutherford-nj.com/
Rutherford First Aid-Ambulance Corps , http://www.rutherfordems.org/
Saddle Brook Police Department , http://www.saddlebrookpd.com/
Saddle River , http://www.saddleriver.org/
Saddle River Police Department , http://www.saddleriverpd.com/
Salem City , http://www.salemcitynj.com/
Salem County , http://www.salemcountynj.gov/
Sandyston Township , http://www.sandystontownship.com
Sayreville , http://www.sayreville.com/
Scotch Plains , http://www.scotchplainsnj.com/
Sea Bright Borough , http://www.seabrightnj.org/
Sea Girt Borough , http://www.seagirtboro.com/
Sea Girt Police , http://www.seagirtpd.net/
Sea Isle City , http://sea-isle-city.nj.us/
Seaside Heights , http://www.seaside-heightsnj.org/
Seaside Park , http://www.seasideparknj.org/
Secaucus , http://secaucusnj.org/
Sergeantsville Volunteer Fire Company , http://www.sergeantsville.org/
Shamong Township , http://www.shamong.net/
Shiloh Borough , http://www.co.cumberland.nj.us/content/173/211/809.aspx
Ship Bottom Borough , http://www.shipbottom.org/
Shrewsbury Borough , http://www.shrewsburyboro.com/
Somerdale Borough , http://www.somerdale-nj.com/
Somerset County , http://www.co.somerset.nj.us/
Somers Point , http://www.somerspointgov.org
Somerville , http://www.somervillenj.org/
Somerville Police Department , http://www.somervillepd.org/
South Amboy , http://www.southamboynj.gov/
South Bound Brook Borough , http://www.co.somerset.nj.us/_towninfo/sbound_brook.html
South Bound Brook Fire Department , http://sbbfd.com/
South Brunswick , http://www.twp.south-brunswick.nj.us/
South Brunswick Fire District #1 , http://www.sbfd1.org/
South Hackensack Township , http://www.southhackensacknj.org/
South Harrison Township , http://www.southharrison-nj.org/
South Orange , http://www.southorange.org/
South Plainfield , http://www.southplainfieldnj.com/
South River Borough , http://www.southrivernj.org/
South Toms River Borough , http://www.strnj.com/
Southampton Township , http://www.southamptonnj.org/
Sparta Township , http://www.spartanj.org/
Spotswood , http://www.spotswoodboro.com/
Springfield , http://www.springfield-nj.us/
Spring Lake , http://www.springlakeboro.org/
Spring Lake Heights Borough , http://www.springlakehts.com/
Stafford Township , http://twp.stafford.nj.us/
Stanhope Borough , http://stanhopenj.gov/
Stillwater Township , http://www.stillwaternj.us/
Stockton Borough , http://www.co.hunterdon.nj.us/mun/stockton.htm
Stone Harbor , http://www.stone-harbor.nj.us/
Stow Creek Township , http://www.co.cumberland.nj.us/content/173/211/1983.aspx
Stratford , http://www.stratfordnj.org/
Summit , http://www.ci.summit.nj.us/
Sussex Borough , http://www.sussexboro.com/
Sussex County , http://www.sussex.nj.us/
Swedesboro , http://www.swedesboro-nj.us/
None , #top
Saddle Brook Police Department , http://www.saddlebrookpd.com/
Saddle River , http://www.saddleriver.org/
Saddle River Police Department , http://www.saddleriverpd.com/
Salem City , http://www.salemcitynj.com/
Salem County , http://www.salemcountynj.gov/
Sandyston Township , http://www.sandystontownship.com
Sayreville , http://www.sayreville.com/
Scotch Plains , http://www.scotchplainsnj.com/
Sea Bright Borough , http://www.seabrightnj.org/
Sea Girt Borough , http://www.seagirtboro.com/
Sea Girt Police , http://www.seagirtpd.net/
Sea Isle City , http://sea-isle-city.nj.us/
Seaside Heights , http://www.seaside-heightsnj.org/
Seaside Park , http://www.seasideparknj.org/
Secaucus , http://secaucusnj.org/
Sergeantsville Volunteer Fire Company , http://www.sergeantsville.org/
Shamong Township , http://www.shamong.net/
Shiloh Borough , http://www.co.cumberland.nj.us/content/173/211/809.aspx
Ship Bottom Borough , http://www.shipbottom.org/
Shrewsbury Borough , http://www.shrewsburyboro.com/
Somerdale Borough , http://www.somerdale-nj.com/
Somerset County , http://www.co.somerset.nj.us/
Somers Point , http://www.somerspointgov.org
Somerville , http://www.somervillenj.org/
Somerville Police Department , http://www.somervillepd.org/
South Amboy , http://www.southamboynj.gov/
South Bound Brook Borough , http://www.co.somerset.nj.us/_towninfo/sbound_brook.html
South Bound Brook Fire Department , http://sbbfd.com/
South Brunswick , http://www.twp.south-brunswick.nj.us/
South Brunswick Fire District #1 , http://www.sbfd1.org/
South Hackensack Township , http://www.southhackensacknj.org/
South Harrison Township , http://www.southharrison-nj.org/
South Orange , http://www.southorange.org/
South Plainfield , http://www.southplainfieldnj.com/
South River Borough , http://www.southrivernj.org/
South Toms River Borough , http://www.strnj.com/
Southampton Township , http://www.southamptonnj.org/
Sparta Township , http://www.spartanj.org/
Spotswood , http://www.spotswoodboro.com/
Springfield , http://www.springfield-nj.us/
Spring Lake , http://www.springlakeboro.org/
Spring Lake Heights Borough , http://www.springlakehts.com/
Stafford Township , http://twp.stafford.nj.us/
Stanhope Borough , http://stanhopenj.gov/
Stillwater Township , http://www.stillwaternj.us/
Stockton Borough , http://www.co.hunterdon.nj.us/mun/stockton.htm
Stone Harbor , http://www.stone-harbor.nj.us/
Stow Creek Township , http://www.co.cumberland.nj.us/content/173/211/1983.aspx
Stratford , http://www.stratfordnj.org/
Summit , http://www.ci.summit.nj.us/
Sussex Borough , http://www.sussexboro.com/
Sussex County , http://www.sussex.nj.us/
Swedesboro , http://www.swedesboro-nj.us/
Tabernacle , http://www.townshipoftabernacle-nj.gov/
Tavistock Borough , http://www.tavistocknj.org/
Teaneck , http://www.teanecknj.gov/
Tenafly Borough , http://www.tenaflynj.org/
Tewksbury , http://www.tewksburytwp.net/
Tinton Falls , http://www.tintonfalls.com/
Toms River Fire Department , http://www.tomsriverfire.com/
Toms River Township , http://tomsrivertownship.com/
Totowa Borough , http://www.totowanj.org/
Trenton , http://www.trentonnj.org/
Trenton Police , http://trentonpolice.com/
Tuckerton , http://www.tuckertonborough.com/
None , #top
Tabernacle , http://www.townshipoftabernacle-nj.gov/
Tavistock Borough , http://www.tavistocknj.org/
Teaneck , http://www.teanecknj.gov/
Tenafly Borough , http://www.tenaflynj.org/
Tewksbury , http://www.tewksburytwp.net/
Tinton Falls , http://www.tintonfalls.com/
Toms River Fire Department , http://www.tomsriverfire.com/
Toms River Township , http://tomsrivertownship.com/
Totowa Borough , http://www.totowanj.org/
Trenton , http://www.trentonnj.org/
Trenton Police , http://trentonpolice.com/
Tuckerton , http://www.tuckertonborough.com/
Union Beach Borough , http://www.unionbeach.net/
Union City , http://www.ucnj.com/
Union County , http://www.unioncountynj.org/
Union County Police Department , http://www.unioncountynj.org/police/
Union Township , http://www.uniontwp-hcnj.org/
Union Township , http://www.uniontownship.com/
Upper Deerfield Township , http://www.upperdeerfield.org/
Upper Freehold Township , http://www.uftnj.com/
Upper Pittsgrove Township , http://www.upperpittsgrovenj.org/
Upper Saddle River , http://www.usrtoday.org/
Upper Township , http://www.uppertownship.com/
None , #top
Union Beach Borough , http://www.unionbeach.net/
Union City , http://www.ucnj.com/
Union County , http://www.unioncountynj.org/
Union County Police Department , http://www.unioncountynj.org/police/
Union Township , http://www.uniontwp-hcnj.org/
Union Township , http://www.uniontownship.com/
Upper Deerfield Township , http://www.upperdeerfield.org/
Upper Freehold Township , http://www.uftnj.com/
Upper Pittsgrove Township , http://www.upperpittsgrovenj.org/
Upper Saddle River , http://www.usrtoday.org/
Upper Township , http://www.uppertownship.com/
Ventnor City , http://www.ventnorcity.org/
Vernon Township , http://www.vernontwp.com/
Verona , http://www.veronanj.org/
Vineland , http://www.vinelandcity.org/
Voorhees , http://www.voorheesnj.com/
None , #top
Ventnor City , http://www.ventnorcity.org/
Vernon Township , http://www.vernontwp.com/
Verona , http://www.veronanj.org/
Vineland , http://www.vinelandcity.org/
Voorhees , http://www.voorheesnj.com/
Waldwick , http://www.waldwickpd.org/
Wall Township , http://www.wallnj.com/
Wallington , http://www.wallingtonnj.org/
Walpack Township , http://www.sussex.nj.us/Cit-e-Access/webpage.cfm?TID=7&TPID=1113
Wanaque Borough , http://www.wanaqueborough.com/
Wantage Township , http://wantagetwp.com/
Warren County , http://www.co.warren.nj.us/
Warren County Department of Public Safety , http://www.co.warren.nj.us/publicsafety/
Warren Township , http://www.warrennj.org/
Washington Borough , http://www.washingtonboro-nj.org/
Washington Township , http://www.twpofwashington.us/
Washington Township , http://www.twp.washington.nj.us/
Washington Township , http://www.washtwpmorris.org/
Washington Township , http://www.washington-twp-warren.org/
Washington Township Fire Department No. 3 , http://www.35fire.org/
Watchung , http://watchungnj.com/
Waterford Township , http://www.waterfordtwp.org/
Wayne Township , http://www.waynetownship.com/
Weehawken , http://www.weehawken-nj.us/
Weehawken Volunteer First Aid Squad , http://www.wvfas.org/
Wenonah Borough , http://www.boroughofwenonah.com/
West Amwell , http://www.westamwelltwp.org/
West Caldwell , http://www.westcaldwell.com/
West Cape May Borough , http://www.westcapemay.us/
West Deptford Township , http://www.westdeptford.com/
West Long Branch Borough , http://www.westlongbranch.org/
West Milford Township , http://www.township.west-milford.nj.us/
West New York , http://www.westnewyorknj.org/
West Orange , http://www.westorange.org/
West Wildwood , http://www.westwildwoodnj.com/
West Windsor , http://www.westwindsornj.org/
Westampton Township , http://www.westampton.com/
Westfield , http://www.westfieldnj.gov/
Westville , http://www2.westville-nj.com/home/
Westwood , http://www.westwoodnj.gov/
Weymouth , http://www.weymouthnj.org/
Wharton , http://www.whartonnj.com/
White Township , http://www.co.warren.nj.us/mun/white.html
Wildwood Crest Borough , http://www.wildwoodcrest.org/
Wildwood , http://www.wildwoodnj.org/
Willingboro , http://www.willingborotwp.org/
Winfield Township , http://www.winfield-nj.org/
Winslow Township , http://www.winslowtownship.com/
Woodbine Borough , http://www.boroughofwoodbine.net/
Woodbridge Township , http://www.twp.woodbridge.nj.us/
Woodbury , http://woodbury.nj.us/
Woodbury Fire Department , http://www.woodburyfd.net/
Woodbury Heights Borough , http://www.bwhnj.com/
Woodcliff Lake , http://www.wclnj.com/
Woodcliff Lake Police Department , http://www.wclpd.com/
Woodland Park , http://www.wpnj.us
Woodlynne , http://www.woodlynnenj.com/
Wood-Ridge , http://www.wood-ridgenj.org/
Woodstown Borough , http://www.historicwoodstown.org/
Woolwich Township , http://www.woolwichtwp.org/
Wyckoff , http://www.wyckoff-nj.com/
Click here , https://www.state.nj.us/contact.shtml
None , #top
Waldwick , http://www.waldwickpd.org/
Wall Township , http://www.wallnj.com/
Wallington , http://www.wallingtonnj.org/
Walpack Township , http://www.sussex.nj.us/Cit-e-Access/webpage.cfm?TID=7&TPID=1113
Wanaque Borough , http://www.wanaqueborough.com/
Wantage Township , http://wantagetwp.com/
Warren County , http://www.co.warren.nj.us/
Warren County Department of Public Safety , http://www.co.warren.nj.us/publicsafety/
Warren Township , http://www.warrennj.org/
Washington Borough , http://www.washingtonboro-nj.org/
Washington Township , http://www.twpofwashington.us/
Washington Township , http://www.twp.washington.nj.us/
Washington Township , http://www.washtwpmorris.org/
Washington Township , http://www.washington-twp-warren.org/
Washington Township Fire Department No. 3 , http://www.35fire.org/
Watchung , http://watchungnj.com/
Waterford Township , http://www.waterfordtwp.org/
Wayne Township , http://www.waynetownship.com/
Weehawken , http://www.weehawken-nj.us/
Weehawken Volunteer First Aid Squad , http://www.wvfas.org/
Wenonah Borough , http://www.boroughofwenonah.com/
West Amwell , http://www.westamwelltwp.org/
West Caldwell , http://www.westcaldwell.com/
West Cape May Borough , http://www.westcapemay.us/
West Deptford Township , http://www.westdeptford.com/
West Long Branch Borough , http://www.westlongbranch.org/
West Milford Township , http://www.township.west-milford.nj.us/
West New York , http://www.westnewyorknj.org/
West Orange , http://www.westorange.org/
West Wildwood , http://www.westwildwoodnj.com/
West Windsor , http://www.westwindsornj.org/
Westampton Township , http://www.westampton.com/
Westfield , http://www.westfieldnj.gov/
Westville , http://www2.westville-nj.com/home/
Westwood , http://www.westwoodnj.gov/
Weymouth , http://www.weymouthnj.org/
Wharton , http://www.whartonnj.com/
White Township , http://www.co.warren.nj.us/mun/white.html
Wildwood Crest Borough , http://www.wildwoodcrest.org/
Wildwood , http://www.wildwoodnj.org/
Willingboro , http://www.willingborotwp.org/
Winfield Township , http://www.winfield-nj.org/
Winslow Township , http://www.winslowtownship.com/
Woodbine Borough , http://www.boroughofwoodbine.net/
Woodbridge Township , http://www.twp.woodbridge.nj.us/
Woodbury , http://woodbury.nj.us/
Woodbury Fire Department , http://www.woodburyfd.net/
Woodbury Heights Borough , http://www.bwhnj.com/
Woodcliff Lake , http://www.wclnj.com/
Woodcliff Lake Police Department , http://www.wclpd.com/
Woodland Park , http://www.wpnj.us
Woodlynne , http://www.woodlynnenj.com/
Wood-Ridge , http://www.wood-ridgenj.org/
Woodstown Borough , http://www.historicwoodstown.org/
Woolwich Township , http://www.woolwichtwp.org/
Wyckoff , http://www.wyckoff-nj.com/
Absecon , http://www.absecon-newjersey.org/
Aberdeen Township , http://www.aberdeennj.org/
Adelphia Fire Company , http://www.adelphiafire.com/index2.htm
Alexandria Township , http://www.alexandria-nj.us/
Allamuchy Township , http://www.allamuchynj.org/
Allendale , http://www.allendale.org/
Allenhurst , http://www.allenhurstnj.org/
Allentown , http://www.allentownnj.us/
Alloway Township , http://www.allowaytownship.com/
Alpha Borough , http://www.alphaboro.org/
Alpine Borough , http://www.alpinenj07620.org/
Andover Borough , http://www.sussex.nj.us/Cit-e-Access/webpage.cfm?TID=7&TPID=4540
Andover Township , http://www.andovertwp.org/
Asbury Park , http://www.cityofasburypark.com/
Atlantic City , http://www.cityofatlanticcity.org/index.htm
Atlantic County , http://www.aclink.org/
Atlantic Highlands , http://www.ahnj.com/
Audubon Borough , http://www.boroughofaudubon.com/
Audubon Park Borough , http://www.audubonparknj.org/
Avalon , http://www.avalonboro.org/
Avon , http://www.avonbytheseanj.com/
Barnegat Light , http://www.barnlight.com/
Barnegat Township , http://www.ci.barnegat.nj.us/
Barrington Borough , http://www.barringtonboro.com/
Bass River Township , http://bassriver-nj.org/index.php
Bay Head Borough , http://www.bayheadnj.org/
Bayonne , http://www.bayonnenj.org/default.shtml
Beach Haven Borough , http://www.beachhaven-nj.gov/
Beachwood Borough , http://www.beachwoodusa.com/
Bedminster , http://www.bedminster.us/
Bellmawr , http://www.bellmawr.com/
Belmar , http://www.belmar.com/
Belleville , http://bellevillenj.org/
Belvidere Town , http://www.belviderenj.com/
Bergen County , http://www.co.bergen.nj.us/
Bergen County Emergency Management , http://www.bcoem.org/
Bergen County Utilities Authority , http://www.bcua.org
Bergenfield , http://www.bergenfieldboro.com/
Berkeley Township , http://twp.berkeley.nj.us/
Berkeley Heights Police , http://www.bhpolice.org/
Berkeley Heights Township , http://www.berkeleyheightstwp.com/
Berlin , http://www.berlinnj.org/
Berlin Township , http://www.berlintwp.com/
Bernards Township , http://www.bernards.org/
Bernardsville , http://www.bernardsvilleboro.org/pages01/bd_libr.html
Bethlehem Township , http://www.bethlehem-twp.org/
Beverly City , http://www.thecityofbeverly.com/
Blackwood Fire Company , http://www.blackwoodfire.org/
Blairstown Township , http://www.blairstown-nj.org/
Bloomfield Township , http://www.bloomfieldtwpnj.com/
Bloomingdale Borough , http://www.bloomingdalenj.org/
Bloomsbury Borough , http://www.bloomsburynewjersey.com/
Bogota , http://www.bogota.nj.us/
Boonton , http://www.boonton.org/
Boonton Township , http://www.boontontownship.com/
Bordentown, City of , http://cityofbordentown.com/
Bordentown Township , http://www.bordentowntownship.com/
Bound Brook Borough , http://www.boundbrook-nj.org/
Bradley Beach , http://www.bradleybeachonline.com/
Branchburg , http://www.branchburg.nj.us/
Branchville Borough , http://www.sussex.nj.us/Cit-e-Access/webpage.cfm?TID=7&TPID=4533
Brick Township , http://www.twp.brick.nj.us/
Brick Township Police Department , http://www.brickpd.com/
Bridgeton , http://www.cityofbridgeton.com/
Bridgewater Township , http://www.bridgewaternj.gov/
Brielle Borough , http://www.briellenj.com/
Brielle Police Department , http://www.redbird.net/briellepolice/
Brigantine , http://www.brigantinebeachnj.com/
Brooklawn , http://www.brooklawn.us/
Budd Lake Volunteer Fire Department , http://www.buddlakefire.org/
Buena Borough , http://www.buenaboro.org/
Buena Vista Township , http://www.buenavistatownship.org/
Burlington City , http://www.burlingtonnj.us/
Burlington County , http://co.burlington.nj.us/
Burlington County Municipalities , http://www.co.burlington.nj.us/Pages/pages.aspx?cid=613
Burlington Township , http://www.twp.burlington.nj.us/
Butler Borough , http://www.butlerborough.com/
Byram Township , http://www.byramtwp.org/
Caldwell , http://www.caldwell-nj.com/
Camden , http://www.ci.camden.nj.us/
Camden County , http://www.co.camden.nj.us/
Cape May , http://www.capemaycity.org/
Cape May County , http://www.co.cape-may.nj.us/
Carlstadt , http://carlstadtnj.us/
Carneys Point Fire Department and Rescue Squad , http://www.carneyspointfire.org/
Carneys Point Township , http://www.carneyspointnj.gov/
Carteret , http://www.ci.carteret.nj.us/
Cedar Grove , http://www.cedargrovenj.org/
Chatham Borough , http://www.chathamborough.org/
Chatham Township , http://www.chathamtownship.org/
Cherry Hill , http://www.cherryhill-nj.com/
Chesilhurst Borough , http://chesilhurst.readyhosting.com/municipal.htm
Chester Borough , http://www.chesterborough.org/
Chester Township , http://www.chestertownship.org/
Chesterfield Township , http://www.chesterfieldtwp.com/
Cinnaminson Fire Department , http://www.cinnaminsonfire.org/
Cinnaminson Township , http://www.cinnaminsonnj.org/
Clark , http://www.ourclark.com/
Clayton Borough , http://www.claytonnj.com/
Clementon Borough , http://www.clementonborough.com/
Cliffside Park Borough , http://www.cliffsideparknj.gov/
Clifton , http://www.cliftonnj.org/
Clinton , http://www.clintonnj.gov/
Clinton Township , http://www.township.clinton.nj.us/
Closter Borough , http://www.closterboro.com/
Collingswood Borough , http://www.collingswood.com/
Colts Neck , http://www.colts-neck.nj.us/
Commercial Township , http://www.commercialtwp.com/
Corbin City , http://www.aclink.org/Admin/Main/Municipal.asp
Cranbury , http://www.cranburytownship.org/
Cranford , http://www.cranford.com/township/
Cranford Police Department , http://www.cranford.com/police/
Cresskill , http://www.cresskillboro.com/
Cumberland County , http://www.co.cumberland.nj.us/
Cumberland County 9-1-1 Communications Center , http://www.co.cumberland.nj.us/content/173/251/765/1910/default.aspx
Deal , http://www.dealborough.com/
Deerfield Township , http://www.deerfieldtownship.org/
Delanco Township , http://www.delancotownship.com/
Delaware Township , http://www.delawaretwpnj.org/
Delran Township , http://www.delrantownship.org/
Demarest Borough , http://www.demarestnj.net/
Dennis Township , http://www.dennistwp.org/
Denville Township , http://www.denvillenj.org/
Deptford Township , http://www.deptford-nj.org/
Dover , http://www.dover.nj.us/
Downe Township , http://www.downetwpnj.org/
Dumont , http://www.dumontnj.gov/
Dunellen , http://www.dunellenborough.net/
East Amwell Township , http://www.eastamwelltownship.com/
East Brunswick , http://www.eastbrunswick.org/
East Brunswick Police Department , http://www.eastbrunswick.org/publicsafety/
East Greenwich Township , http://www.eastgreenwichnj.com/
East Hanover , http://www.easthanovertownship.com/
East Newark Borough , http://www.boroughofeastnewark.com/
East Orange , http://www.eastorange-nj.org/
East Rutherford Borough , http://www.eastrutherfordnj.net/
East Windsor , http://www.east-windsor.nj.us/
East Windsor Police Department , http://www.ewpd.com/
Eastampton , http://www.eastampton.com/
Eastampton Police Department , http://www.eastamptonpolicenj.us/
Eatontown , http://www.eatontownnj.com/
Edgewater , http://www.edgewaternj.org/
Edgewater Park Township , http://edgewaterpark-nj.com/
Edison , http://www.edisonnj.org/
Egg Harbor City , http://www.eggharborcity.org/
Egg Harbor Township , http://www.ehtgov.org/
Elizabeth , http://www.elizabethnj.org/
Elk Township , http://www.elktownshipnj.gov/
Elmer Borough , http://www.elmerboroughnj.com/
Elmwood Park , http://www.elmwoodparknj.us/
Emerson Borough , http://www.emersonnj.org/
Englewood , http://cityofenglewood.org/
Englewood Cliffs Borough , http://www.englewoodcliffsnj.org/
Englishtown , http://www.englishtownnj.com/default.htm
Essex County , http://www.essex-countynj.org/
Essex Fells Borough , http://essexfellsboro.com/
Estell Manor City , http://www.aclink.org/Admin/Main/Municipal.asp
Evesham Township , http://www.twp.evesham.nj.us/
Ewing Township , http://www.ewingtwp.net/
Fair Haven Borough , http://www.fairhavennj.org/
Fair Lawn , http://www.fairlawn.org/
Fairfield , http://www.fairfieldnj.org/
Fairfield Police Department , http://www.fairfieldnj.org/police/home.html
Fairfield Township , http://www.fairfieldtwp-nj.com/
Fanwood Borough , http://www.fanwoodnj.org/
Far Hills Borough , http://www.farhillspolice.org/
Finderne Fire Department , http://departments.firehouse.com/dept/Bridgewater2NJ
Flemington , http://www.historicflemington.com/
Florence , http://www.florence-nj.com/
Florham Park , http://www.florhamparkboro.net/
Folsom Borough , http://www.aclink.org/Admin/Main/Municipal.asp
Fort Lee , http://www.fortleenj.org/
Frankford Township , http://www.frankfordtownship.com/
Franklin Borough , http://www.franklinboro.com/
Franklin Lakes , http://www.franklinlakes.org/index.asp?
Franklin Township , http://www.franklintownship.com/
Franklin Township , http://www.co.hunterdon.nj.us/mun/franklin.htm
Franklin Township , http://www.franklintwpnj.org/
Franklin Township , http://www.franklintwpwarren.org/
Fredon Township , http://www.twp.fredon.nj.us/#menu
Freehold Borough , http://www.freeholdboro.org/
Freehold Borough Police Department , http://www.fbpd.net/
Freehold Township , http://www.twp.freehold.nj.us/
Frelinghuysen Township , http://www.frelinghuysen-nj.us/
Frenchtown , http://www.frenchtown.com/newsite/index.html
Galloway Township , http://www.gallowaytwp-nj.gov/
Garfield , http://www.garfieldnj.org/
Garwood , http://garwood.org/
Gibbsboro , http://www.gibbsborotownhall.com/
Glassboro , http://www.glassboroonline.com/
Glen Gardner Borough , http://www.glengardnernj.org/
Glen Ridge Borough , http://glenridgenj.org/
Glen Rock , http://www.glenrocknj.net/
Gloucester , http://www.cityofgloucester.org/
Gloucester County , http://www.co.gloucester.nj.us/
Gloucester Township , http://www.glotwp.com/
Green Brook Township , http://www.greenbrooktwp.org/
Green Township , http://www.greentwp.com/
Greenwich Township , http://www.historicgreenwichnj.org
Greenwich Township , http://www.greenwichtwp.com/
Greenwich Township , http://www.greenwichtownship.com/
Guttenberg Town , http://www.guttenbergnj.org/
Hackensack , http://www.hackensack.org/
Hackettstown , http://www.hackettstown.net/
Haddonfield , http://www.haddonfieldnj.org/
Haddon Heights Borough , http://www.haddonhts.com/
Haddon Township , http://www.haddontwp.com/
Hainesport , http://www.hainesporttownship.com/
Haledon Borough , http://www.haledonboronj.com/
Hamilton , http://www.hamiltonnj.com/
Hamilton Township , http://www.townshipofhamilton.com/
Hammonton , http://www.townofhammonton.org/
Hampton Borough , http://www.hamptonboro.com/
Hampton Township , http://www.sussex.nj.us/Cit-e-Access/webpage.cfm?TID=7&TPID=1101
Hanover Township , http://www.hanovertownship.com/
Harding Township , http://www.hardingnj.org/
Hardwick Township , http://www.hardwick-nj.us/
Hardyston Township , http://www.hardyston.com/
Harmony Township , http://www.harmonytwp-nj.gov/
Harrington Park , http://www.hpboro.net/
Harrison Town , http://www.townofharrison.com/
Harrison Township , http://www.harrisontwp.us/
Harvey Cedars , http://www.harveycedars.org/
Hasbrouck Heights , http://www.hasbrouck-heights.nj.us/
Hawthorne Borough , http://www.hawthornenj.org/
Haworth Borough , http://www.haworthnj.org/
Hazlet , http://www.hazlettwp.org/
High Bridge , http://www.highbridge.org/
Highlands , http://www.highlandsnj.com/
Highland Park , http://www.hpboro.com/
Hightstown Borough , http://www.hightstownborough.com/
Hillsborough , http://www.hillsborough-nj.org/
Hillsdale , http://www.hillsdalenj.org/
Hillside Township , http://www.townshipofhillside.org/
Hi-nella , http://www.co.camden.nj.us/government/municip.html
Hoboken , http://www.hobokennj.org/
Ho-Ho-Kus , http://www.ho-ho-kusboro.com/
Holland Township , http://www.hollandtownship.org/
Holmdel , http://www.holmdeltownship-nj.com/
Hopatcong , http://www.hopatcong.org/
Hope Township , http://www.hopetownship.com/
Hopewell Borough , http://www.hopewellboro-nj.us/
Hopewell Township , http://www.hopewelltwp-nj.com/
Hopewell Township , http://www.hopewelltwp.org/
Howell , http://www.twp.howell.nj.us/
Hudson County , http://www.hudsoncountynj.org/
Hunterdon County , http://www.co.hunterdon.nj.us/
Independence Township , http://www.independencenj.com/
Interlaken , http://www.interlakenboro.com/
Irvington Township , http://www.irvington.net/
Island Heights , http://www.islandheightsboro.com/
Jackson Township , http://www.jacksontwpnj.net/
Jacksonville Fire Company , http://www.jacksonvillefirecompany212.org
Jamesburg , http://www.jamesburgborough.org/
Jefferson Township , http://www.jeffersontownship.net/
Jersey City , http://www.cityofjerseycity.com/
Keansburg , http://www.keansburgboro.com/
Kearny , http://www.kearnyusa.com/
Kenilworth , http://www.kenilworthnj.com/index.asp
Keyport Borough , http://www.keyportonline.com/
Kingwood Township , http://www.co.hunterdon.nj.us/mun/kingwood.htm
Kinnelon , http://www.kinnelonboro.org/
Knowlton Township , http://knowlton-nj.com/
Lacey Township , http://www.laceytownship.org/
Lafayette Township , http://www.sussex.nj.us/Cit-e-Access/webpage.cfm?TID=7&TPID=1104
Lake Como , http://lakecomonj.org/
Lakehurst , http://www.lakehurstnj.org/
Lakewood Township , http://twp.lakewood.nj.us/
Lambertville , http://www.lambertvillenj.org/
Laurel Springs , http://www.laurelsprings-nj.com/
Laurel Springs Fire Department , http://www.station60.com/!live/news.php
Lavallette Borough , http://www.lavallette.org/
Lawnside , http://www.lawnside.net/
Lawrence Township , http://www.co.cumberland.nj.us/content/173/211/1983.aspx
Lawrence Township , http://www.lawrencetwp.com/
Lebanon Borough , http://www.co.hunterdon.nj.us/mun/lebnboro.htm
Lebanon Township , http://www.lebanontownship.net/
Leonia Borough , http://www.leonianj.gov/
Liberty Township , http://www.libertytownship.org/
Lincoln Park , http://www.lincolnpark.org/
Linden , http://www.linden-nj.org/
Lindenwold , http://www.lindenwoldnj.gov/
Lindenwold Fire Department , http://www.lindenwoldfire.com/
Linwood City , http://www.linwoodcity.org/
Little Egg Harbor Township , http://www.leht.com/
Little Falls , http://www.lfnj.com/
Little Ferry Borough , http://www.littleferrynj.org/
Little Silver Borough , http://www.littlesilver.org/ls
Livingston , http://www.livingstonnj.org/
Loch Arbor Borough , http://www.locharbournj.us/
Lodi Borough , http://www.lodi-nj.org/
Logan Township , http://www.logan-twp.org
Long Beach Township , http://longbeachtownship.com/
Long Beach Township Police Department , http://www.lbtpd.org/
Long Branch , http://www.longbranch.org/
Long Hill Township , http://www.longhillnj.org/
Longport , http://www.longport-nj.us/
Lopatcong Township , http://www.lopatcongtwp.com/
Lower Alloways Creek Township , http://www.lowerallowayscreek-nj.gov/
Lower Township , http://www.townshipoflower.org/
Lumberton , http://www.lumbertontwp.com/
Lyndhurst , http://www.lyndhurstnj.org/
Madison , http://www.rosenet.org/madisongov/
Magnolia , http://www.magnolia-nj.org/
Mahwah , http://www.mahwahtwp.org/
Manalapan , http://www.twp.manalapan.nj.us/
Manasquan , http://www.manasquan-nj.com/
Mannington Township , http://www.manningtontwp.com/
Mansfield Township , http://www.mansfieldtwp-nj.com/
Mansfield Township , http://www.mansfieldtownship-nj.gov/
Mantoloking Borough , http://www.mantoloking.org/
Mantua Township , http://www.mantuatownship.com/
Manville Borough , http://www.manvillenj.org/
Maple Shade Township , http://www.mapleshade.com/
Maplewood , http://www.twp.maplewood.nj.us/
Margate , http://www.margate-nj.com/index.cfm
Marlboro Township , http://www.marlboro-nj.gov/
Matawan , http://64.106.243.185/matawan
Maywood , http://www.maywoodboro.org/
Maurice River Township , http://www.mauricerivertwp.org/
Medford , http://www.medfordtownship.com/
Medford Lakes , http://www.medfordlakes.com/
Medford Lakes Fire Department , http://www.mlfd371.org/
Mendham Borough , http://mendhamnj.org
Mendham Township , http://www.mendhamtownship.org/
Mercer County , http://www.mercercounty.org/
Merchantville , http://www.merchantvillenj.gov/
Metuchen , http://www.metuchennj.org/
Middlesex Borough , http://www.middlesexboro.com/
Middlesex County , http://www.co.middlesex.nj.us/
Middle Township , http://www.middletownship.com/
Middletown Township , http://www.middletownnj.org/
Middletown Township EMS , http://www.middletownems.org/
Midland Park , http://mpnj.com/
Milford Borough , http://www.milfordnj.org/
Millburn , http://twp.millburn.nj.us/
Millburn Township , http://www.twp.millburn.nj.us/
Millstone Borough , http://www.millstoneboro.org/
Millstone Township , http://www.millstone.nj.us/
Milltown , http://www.milltownnj.org/
Millville , http://www.state.nj.us/counties/cumberland/0610/
Mine Hill , http://www.minehill.com/
Monmouth Beach Borough , http://www.monmouthbeach.us/
Monmouth County , http://www.visitmonmouth.com/
Monroe Township , http://www.monroetownshipnj.org/
Monroe Township , http://www.monroetwp.com/
Monroe Township Municipal Utilities Authority , http://www.mtmua.com/
Montague , http://www.montaguenj.org/
Montclair , http://www.montclairnjusa.org/
Montgomery Township , http://www.montgomery.nj.us/
Montvale , http://www.montvale.org/
Montville Township , http://www.montvillenj.org/
Moonachie Borough , http://www.moonachie.us/
Moonachie Police Department , http://www.moonachiepd.org/
Moorestown , http://www.moorestown.nj.us/
Morris County , http://www.co.morris.nj.us/
Morris County, Municipal Clerks' Association , http://www.rosenet.org/mcamc/
Morris County Park Police , http://www.morrisparkpolice.org/
Morris County Sheriff's Office , http://www.mcsheriff.org/
Morris County Municipal Utilities Authority , http://www.mcmua.com/
Morris Plains Borough , http://www.morrisplainsboro.org/
Morris Township , http://www.morristwp.com/
Morristown , http://www.townofmorristown.org/
Mount Arlington , http://www.ci.mount-arlington.nj.us/
Mount Ephraim Borough , http://www.mountephraim-nj.com/
Mount Holly , http://www.mountholly.info/
Mount Laurel , http://www.mountlaurel.com/
Mount Laurel Township Municipal Utilities Authority , http://www.mltmua.com/
Mount Olive Township , http://www.mtolivetwp.org/
Mountain Lakes , http://www.mtnlakes.org/
Mountainside , http://www.mountainside-nj.com/
Mullica Township , http://www.mullicatownship.org/
National Park Borough , http://www.nationalparknj.com/index.htm
Neptune City , http://www.neptunecitynj.com/
Neptune Township , http://www.neptunetownship.org/
Netcong , http://www.netcong.org/
Newark , http://www.ci.newark.nj.us./
New Brunswick , http://www.cityofnewbrunswick.org/
New Milford Borough , http://www.newmilfordboro.com/
New Milford Police Department , http://www.newmilfordnjpd.org/
New Providence , http://www.newprov.org/
Newfield Borough , http://www.newfieldboro.org/
Newton , http://www.newtontownhall.com/
North Arlington Borough , http://www.northarlington.org/
North Bergen , http://www.northbergen.org/
North Branch Volunteer Fire Company , http://www.nbvfc.org/
North Brunswick Township , http://www.northbrunswicknj.gov/
North Caldwell Borough , http://www.northcaldwell.org/home/
North Haledon , http://www.northhaledon.com/
North Hanover Township , http://www.northhanover.us/
North Plainfield Borough , http://www.northplainfield.org/
North Wildwood , http://www.northwildwood.com/
Northfield , http://www.cityofnorthfield.org/
Northvale Borough , http://www.boroughofnorthvale.com/
Norwood Borough , http://www.norwoodboro.org/
Nutley , http://www.nutleynj.org/
Oakland , http://www.oakland-nj.org/
Oaklyn , http://www.oaklyn-nj.com/index.html
Ocean City , http://www.ocnj.us/
Ocean County , http://www.co.ocean.nj.us/
Ocean County Clerk , http://www.oceancountyclerk.com/
Ocean Township , http://www.oceantwp.org/
Ocean Township , http://www.townshipofocean.org/
Ocean Township Police , http://www.oceantwp.org/police/
Oceanport Borough , http://www.oceanportboro.com/
Ogdensburg Borough , http://www.ogdensburgnj.org/
Old Bridge Township , http://www.oldbridge.com/
Oldmans Township , http://www.oldmanstownship.com/
Old Tappan , http://oldtappan.net/
Oradell , http://www.oradell.org/
Orange Township , http://www.ci.orange.nj.us/
Oxford Township , http://www.oxfordnj.org/
Palmyra Borough , http://www.boroughofpalmyra.com/
Park Ridge , http://www.parkridgeboro.com/
Paramus , http://www.paramusborough.org/
Parsippany , http://www.parsippany.net/
Passaic , http://www.cityofpassaic.com/
Passaic County , http://www.passaiccountynj.org/
Passaic County Office of Natural Resource Programs , http://www.pcnjnaturalresources.com/
Passaic Valley Sewerage Commissioners , http://www.pvsc.com/
Paterson , http://www.patersonnj.gov/
Paulsboro , http://www.paulsboronj.org/
Peapack-Gladstone Borough , http://www.peapack-gladstone-nj.gov/
Pemberton Borough , http://www.pembertonborough.us/
Pemberton Township , http://www.pemberton-twp.com/
Pemberton Township Police Department , http://www.pembertonpolice.com/
Pennington Borough , http://www.penningtonboro.org/
Pennsauken Township , http://www.twp.pennsauken.nj.us/
Penns Grove Borough , http://www.salemcountynj.gov/cmssite/default.asp?contentID=1146
Pennsville , http://www.pennsville.org/
Pequannock , http://www.peqtwp.org/
Perth Amboy , http://www.ci.perthamboy.nj.us/
Phillipsburg , http://www.phillipsburgnj.org/
Pilesgrove Township , http://www.pilesgrovenj.org/
Pine Beach Borough , http://www.pinebeachborough.us/pinebeach.htm
Pine Hill Borough , http://www.pinehillboronj.com/default.htm
Pine Hill Fire Department , http://www.pinehillboronj.com/Fire/fmain.htm
Pine Valley Borough , http://www.co.camden.nj.us/government/municip.html
Piscataway Township , http://www.piscatawaynj.org/
Pitman , http://www.pitman.org/
Pittsgrove , http://www.pittsgrovetownship.com/
Plainfield , http://www.plainfield.com/
Plainsboro , http://www.plainsboronj.com/
Pleasantville , http://www.pleasantville-nj.org/
Plumsted Township , http://www.plumsted.org/
Pohatcong , http://www.pohatcong.com/
Point Pleasant Borough , http://www.ptboro.com/
Point Pleasant Beach , http://www.pointpleasantbeach.org/
Pompton Lakes , http://www.pomptonlakesgov.com/
Port Republic Borough , http://www.aclink.org/Admin/Main/Municipal.asp
Princeton , http://www.princetonboro.org/
Princeton Township , http://www.princetontwp.org/
Prospect Park Borough , http://www.prospectpark.net/
Rahway , http://www.cityofrahway.com/
Ramsey , http://www.ramseynj.com/
Randolph , http://www.gti.net/randolph/
Raritan Borough , http://www.raritanboro.org/
Raritan Township , http://www.raritan-township.com/
Readington Township , http://www.readingtontwp.org/
Red Bank , http://www.redbanknj.org/
Ridgefield Borough , http://ridgefieldboro.org/
Ridgefield Park , http://www.ridgefieldpark.org/
Ridgewood , http://www.ridgewoodnj.net/
Ringwood , http://www.ringwoodnj.net/
River Edge Borough , http://www.riveredgenj.org/
Riverdale Borough , http://www.riverdalenj.gov/
Riverside Township , http://www.riversidetwp.org/
Riverton , http://www.riverton-nj.com/
River Vale Township , http://www.rivervalenj.org/
Robbinsville Township , http://www.robbinsville-twp.org/
Robbinsville Township Fire Department , http://www.wtfd.org/
Rochelle Park Township , http://www.rochelleparknj.gov/
Rockaway Borough , http://www.rockawayborough.com/
Rockaway Township , http://www.rockawaytownship.org/
Rockleigh Borough , http://www.rockleighnj.org/
Rocky Hill , http://www.rockyhill-nj.gov/
Roseland , http://www.roselandnj.org/
Roselle Borough , http://www.boroughofroselle.com/
Roselle Office of Emergency Management , http://www.roselleoem.org/
Roselle Park Borough , http://www.rosellepark.net/
Roxbury Township , http://www.roxburynj.us/
Rumson , http://www.rumsonnj.gov/
Runnemede Borough , http://www.runnemedenj.org/
Rutherford , http://www.rutherford-nj.com/
Rutherford First Aid-Ambulance Corps , http://www.rutherfordems.org/
Saddle Brook Police Department , http://www.saddlebrookpd.com/
Saddle River , http://www.saddleriver.org/
Saddle River Police Department , http://www.saddleriverpd.com/
Salem City , http://www.salemcitynj.com/
Salem County , http://www.salemcountynj.gov/
Sandyston Township , http://www.sandystontownship.com
Sayreville , http://www.sayreville.com/
Scotch Plains , http://www.scotchplainsnj.com/
Sea Bright Borough , http://www.seabrightnj.org/
Sea Girt Borough , http://www.seagirtboro.com/
Sea Girt Police , http://www.seagirtpd.net/
Sea Isle City , http://sea-isle-city.nj.us/
Seaside Heights , http://www.seaside-heightsnj.org/
Seaside Park , http://www.seasideparknj.org/
Secaucus , http://secaucusnj.org/
Sergeantsville Volunteer Fire Company , http://www.sergeantsville.org/
Shamong Township , http://www.shamong.net/
Shiloh Borough , http://www.co.cumberland.nj.us/content/173/211/809.aspx
Ship Bottom Borough , http://www.shipbottom.org/
Shrewsbury Borough , http://www.shrewsburyboro.com/
Somerdale Borough , http://www.somerdale-nj.com/
Somerset County , http://www.co.somerset.nj.us/
Somers Point , http://www.somerspointgov.org
Somerville , http://www.somervillenj.org/
Somerville Police Department , http://www.somervillepd.org/
South Amboy , http://www.southamboynj.gov/
South Bound Brook Borough , http://www.co.somerset.nj.us/_towninfo/sbound_brook.html
South Bound Brook Fire Department , http://sbbfd.com/
South Brunswick , http://www.twp.south-brunswick.nj.us/
South Brunswick Fire District #1 , http://www.sbfd1.org/
South Hackensack Township , http://www.southhackensacknj.org/
South Harrison Township , http://www.southharrison-nj.org/
South Orange , http://www.southorange.org/
South Plainfield , http://www.southplainfieldnj.com/
South River Borough , http://www.southrivernj.org/
South Toms River Borough , http://www.strnj.com/
Southampton Township , http://www.southamptonnj.org/
Sparta Township , http://www.spartanj.org/
Spotswood , http://www.spotswoodboro.com/
Springfield , http://www.springfield-nj.us/
Spring Lake , http://www.springlakeboro.org/
Spring Lake Heights Borough , http://www.springlakehts.com/
Stafford Township , http://twp.stafford.nj.us/
Stanhope Borough , http://stanhopenj.gov/
Stillwater Township , http://www.stillwaternj.us/
Stockton Borough , http://www.co.hunterdon.nj.us/mun/stockton.htm
Stone Harbor , http://www.stone-harbor.nj.us/
Stow Creek Township , http://www.co.cumberland.nj.us/content/173/211/1983.aspx
Stratford , http://www.stratfordnj.org/
Summit , http://www.ci.summit.nj.us/
Sussex Borough , http://www.sussexboro.com/
Sussex County , http://www.sussex.nj.us/
Swedesboro , http://www.swedesboro-nj.us/
Tabernacle , http://www.townshipoftabernacle-nj.gov/
Tavistock Borough , http://www.tavistocknj.org/
Teaneck , http://www.teanecknj.gov/
Tenafly Borough , http://www.tenaflynj.org/
Tewksbury , http://www.tewksburytwp.net/
Tinton Falls , http://www.tintonfalls.com/
Toms River Fire Department , http://www.tomsriverfire.com/
Toms River Township , http://tomsrivertownship.com/
Totowa Borough , http://www.totowanj.org/
Trenton , http://www.trentonnj.org/
Trenton Police , http://trentonpolice.com/
Tuckerton , http://www.tuckertonborough.com/
Union Beach Borough , http://www.unionbeach.net/
Union City , http://www.ucnj.com/
Union County , http://www.unioncountynj.org/
Union County Police Department , http://www.unioncountynj.org/police/
Union Township , http://www.uniontwp-hcnj.org/
Union Township , http://www.uniontownship.com/
Upper Deerfield Township , http://www.upperdeerfield.org/
Upper Freehold Township , http://www.uftnj.com/
Upper Pittsgrove Township , http://www.upperpittsgrovenj.org/
Upper Saddle River , http://www.usrtoday.org/
Upper Township , http://www.uppertownship.com/
Ventnor City , http://www.ventnorcity.org/
Vernon Township , http://www.vernontwp.com/
Verona , http://www.veronanj.org/
Vineland , http://www.vinelandcity.org/
Voorhees , http://www.voorheesnj.com/
Waldwick , http://www.waldwickpd.org/
Wall Township , http://www.wallnj.com/
Wallington , http://www.wallingtonnj.org/
Walpack Township , http://www.sussex.nj.us/Cit-e-Access/webpage.cfm?TID=7&TPID=1113
Wanaque Borough , http://www.wanaqueborough.com/
Wantage Township , http://wantagetwp.com/
Warren County , http://www.co.warren.nj.us/
Warren County Department of Public Safety , http://www.co.warren.nj.us/publicsafety/
Warren Township , http://www.warrennj.org/
Washington Borough , http://www.washingtonboro-nj.org/
Washington Township , http://www.twpofwashington.us/
Washington Township , http://www.twp.washington.nj.us/
Washington Township , http://www.washtwpmorris.org/
Washington Township , http://www.washington-twp-warren.org/
Washington Township Fire Department No. 3 , http://www.35fire.org/
Watchung , http://watchungnj.com/
Waterford Township , http://www.waterfordtwp.org/
Wayne Township , http://www.waynetownship.com/
Weehawken , http://www.weehawken-nj.us/
Weehawken Volunteer First Aid Squad , http://www.wvfas.org/
Wenonah Borough , http://www.boroughofwenonah.com/
West Amwell , http://www.westamwelltwp.org/
West Caldwell , http://www.westcaldwell.com/
West Cape May Borough , http://www.westcapemay.us/
West Deptford Township , http://www.westdeptford.com/
West Long Branch Borough , http://www.westlongbranch.org/
West Milford Township , http://www.township.west-milford.nj.us/
West New York , http://www.westnewyorknj.org/
West Orange , http://www.westorange.org/
West Wildwood , http://www.westwildwoodnj.com/
West Windsor , http://www.westwindsornj.org/
Westampton Township , http://www.westampton.com/
Westfield , http://www.westfieldnj.gov/
Westville , http://www2.westville-nj.com/home/
Westwood , http://www.westwoodnj.gov/
Weymouth , http://www.weymouthnj.org/
Wharton , http://www.whartonnj.com/
White Township , http://www.co.warren.nj.us/mun/white.html
Wildwood Crest Borough , http://www.wildwoodcrest.org/
Wildwood , http://www.wildwoodnj.org/
Willingboro , http://www.willingborotwp.org/
Winfield Township , http://www.winfield-nj.org/
Winslow Township , http://www.winslowtownship.com/
Woodbine Borough , http://www.boroughofwoodbine.net/
Woodbridge Township , http://www.twp.woodbridge.nj.us/
Woodbury , http://woodbury.nj.us/
Woodbury Fire Department , http://www.woodburyfd.net/
Woodbury Heights Borough , http://www.bwhnj.com/
Woodcliff Lake , http://www.wclnj.com/
Woodcliff Lake Police Department , http://www.wclpd.com/
Woodland Park , http://www.wpnj.us
Woodlynne , http://www.woodlynnenj.com/
Wood-Ridge , http://www.wood-ridgenj.org/
Woodstown Borough , http://www.historicwoodstown.org/
Woolwich Township , http://www.woolwichtwp.org/
Wyckoff , http://www.wyckoff-nj.com/
